hfpxzc href,qBF1Pd,e4rVHe,W4Efsd,W4Efsd 2,doJOZc,W4Efsd 3,W4Efsd 4,W4Efsd 5,W4Efsd 6,W4Efsd 7,UsdlK,lcr4fd href,Cw1rxd,R8c4Qb,Cw1rxd 2,R8c4Qb 2,MW4etd,UY7F9,ah5Ghc,
,,,,,,,,,,,,,,,,,,,,
,,,,,,,,,,,,,,,,,,,,
https://www.google.com.br/maps/place/Ahava+Pharmaceuticals/data=!4m7!3m6!1s0x864c3bd0157b408b:0xd6aa9540610288f4!8m2!3d33.085562!4d-96.8373235!16s%2Fg%2F11vdz_01l_!19sChIJi0B7FdA7TIYR9IgCYUCVqtY?authuser=0&hl=pt-BR&rclk=1,Ahava Pharmaceuticals,Nenhuma avaliação,Empresa farmacêutica,·,,·,7950 Legacy Dr Suite 400,Fechado,· Abre seg. às 12:00,·,#ERROR!,https://www.ahavapharma.com/,,Website,,Rotas,,,,
https://www.google.com.br/maps/place/Cencora/data=!4m7!3m6!1s0x864c2538e9c43b67:0x36ec34018ff84a74!8m2!3d33.05002!4d-96.8721558!16s%2Fg%2F11g4v3gvys!19sChIJZzvE6TglTIYRdEr4jwE07DY?authuser=0&hl=pt-BR&rclk=1,Cencora,,Empresa farmacêutica,·,,·,5025 Plano Pkwy,,,,,http://www.cencora.com/,,Website,,Rotas,"4,6",-19,,
https://www.google.com.br/maps/place/Bayer+Consumer+Care/data=!4m7!3m6!1s0x864c3cbc1d1e7f81:0xbe9bac5ac1fcd97d!8m2!3d33.0901951!4d-96.8191899!16s%2Fg%2F1ts2_pbv!19sChIJgX8eHbw8TIYRfdn8wVqsm74?authuser=0&hl=pt-BR&rclk=1,Bayer Consumer Care,,Empresa farmacêutica,·,,·,5601 Granite Pkwy,,,,#ERROR!,http://www.bayer.com/,,Website,,Rotas,1,-2,,
"https://www.google.com.br/maps/place/ASD+Healthcare,+a+company+of+AmerisourceBergen/data=!4m7!3m6!1s0x864c3c9ac2be5423:0xd26305aae3fa5c4c!8m2!3d33.048413!4d-96.8719604!16s%2Fg%2F1tgjlprv!19sChIJI1S-wpo8TIYRTFz646oFY9I?authuser=0&hl=pt-BR&rclk=1","ASD Healthcare, a company of AmerisourceBergen",,Empresa farmacêutica,·,,·,5025 Plano Pkwy,Aberto 24 horas,,·,#ERROR!,http://www.asdhealthcare.com/,,Website,,Rotas,"3,9",-23,,
https://www.google.com.br/maps/place/Pharmaceutical+Strategies+Group/data=!4m7!3m6!1s0x864c3ccb0871081f:0xf974de27426fc2b6!8m2!3d33.0756898!4d-96.8102841!16s%2Fg%2F11bbrgy85q!19sChIJHwhxCMs8TIYRtsJvQifedPk?authuser=0&hl=pt-BR&rclk=1,Pharmaceutical Strategies Group,,Consultoria empresarial,·,,·,5360 Legacy Dr building 3 suite 230,Fechado,· Abre seg. às 08:00,·,#ERROR!,http://www.psgconsults.com/,,Website,,Rotas,5,-1,,
https://www.google.com.br/maps/place/MyMD+Pharmaceuticals/data=!4m7!3m6!1s0x864c23631315a853:0x73d72c99b1c6ebf5!8m2!3d33.04027!4d-96.8311639!16s%2Fg%2F11vk2lzds6!19sChIJU6gVE2MjTIYR9evGsZks13M?authuser=0&hl=pt-BR&rclk=1,MyMD Pharmaceuticals,Nenhuma avaliação,Empresa farmacêutica,·,,·,2901 Dallas Pkwy,,,,#ERROR!,https://ir.mymd.com/company-information/contacts,,Website,,Rotas,,,,
https://www.google.com.br/maps/place/Orano+Med/data=!4m7!3m6!1s0x89b7c97ad60b0a53:0xdf7ace5ea3209409!8m2!3d33.0078706!4d-96.6682946!16s%2Fg%2F1262ztm77!19sChIJUwoL1nrJt4kRCZQgo17Oet8?authuser=0&hl=pt-BR&rclk=1,Orano Med,,Empresa farmacêutica,·,,·,700 Klein Rd,Fechado,· Abre seg. às 08:00,·,#ERROR!,http://www.oranomed.com/,,Website,,Rotas,"2,5",-2,,
https://www.google.com.br/maps/place/SYMPT%E2%80%A2X/data=!4m7!3m6!1s0x864c1ee352dea2f9:0x627406685c210b62!8m2!3d33.0113077!4d-96.689104!16s%2Fg%2F11b70bbkl1!19sChIJ-aLeUuMeTIYRYgshXGgGdGI?authuser=0&hl=pt-BR&rclk=1,SYMPT•X,Nenhuma avaliação,Empresa farmacêutica,·,,·,1607 Capital Ave,Fechado,· Abre seg. às 09:00,·,#ERROR!,http://symptx.com/,,Website,,Rotas,,,,
https://www.google.com.br/maps/place/Thesis+Pharmacy/data=!4m7!3m6!1s0x864c228329967d8f:0xf210e862e10adfa5!8m2!3d33.0416497!4d-96.751796!16s%2Fg%2F1q2vyvbrj!19sChIJj32WKYMiTIYRpd8K4WLoEPI?authuser=0&hl=pt-BR&rclk=1,Thesis Pharmacy,,Farmácia,·,,3033 W Parker Rd Suite 100,·,Fechado,· Abre seg. às 09:00,,#ERROR!,https://www.thesispharmacy.com/,,Website,,Rotas,"4,6",-1.593,Compras na loja,
https://www.google.com.br/maps/place/Live+Oak+Pharmacy/data=!4m7!3m6!1s0x864c19875f577881:0xef52bfaec6b4cdd5!8m2!3d33.0597278!4d-96.7318944!16s%2Fg%2F11gzp4j_hw!19sChIJgXhXX4cZTIYR1c20xq6_Uu8?authuser=0&hl=pt-BR&rclk=1,Live Oak Pharmacy,,Farmácia,·,,·,2011 Spring Creek Pkwy suite 1500,Fechado,· Abre seg. às 09:00,·,#ERROR!,https://www.liveoakpharmacy.info/,,Website,,Rotas,"4,6",-152,Entrega,
https://www.google.com.br/maps/place/Lone+Star+Pharmaceuticals/data=!4m7!3m6!1s0x864dccf6ab20b6cd:0x283aca7d088fea21!8m2!3d33.1159738!4d-97.1294916!16s%2Fg%2F11g8vcwgsx!19sChIJzbYgq_bMTYYRIeqPCH3KOig?authuser=0&hl=pt-BR&rclk=1,Lone Star Pharmaceuticals,,Empresa farmacêutica,·,,·,11951 Hilltop Rd,Fechado,· Abre seg. às 09:00,·,#ERROR!,http://lonestarpharmaceuticals.com/,,Website,,Rotas,5,-3,,
https://www.google.com.br/maps/place/Nova+Health+pharmacy/data=!4m7!3m6!1s0x864c19c1b74edbbb:0x37c6fd3ea791ff74!8m2!3d33.0088173!4d-96.6923549!16s%2Fg%2F11qn64pmb_!19sChIJu9tOt8EZTIYRdP-Rpz79xjc?authuser=0&hl=pt-BR&rclk=1,Nova Health pharmacy,,Farmácia,·,,·,1408 Summit Ave Suite#2,Fechado,· Abre seg. às 11:30,·,#ERROR!,https://www.novahealthpharmacy.com/,,Website,,Rotas,"4,9",-39,Compras na loja,
https://www.google.com.br/maps/place/ICS+-+Integrated+Commercialization+Solutions/data=!4m7!3m6!1s0x864c259c2be86e2f:0xa100cab7df1b899b!8m2!3d33.048413!4d-96.8719604!16s%2Fg%2F11h45mgfbm!19sChIJL27oK5wlTIYRm4kb37fKAKE?authuser=0&hl=pt-BR&rclk=1,ICS - Integrated Commercialization Solutions,Nenhuma avaliação,Empresa farmacêutica,·,,·,5025 Plano Pkwy,Fechado,· Abre seg. às 08:00,·,#ERROR!,https://www.icsconnect.com/,,Website,,Rotas,,,,
https://www.google.com.br/maps/place/Abbott/data=!4m7!3m6!1s0x864c23b55ef78c43:0x620bb1dcd878180f!8m2!3d33.0674698!4d-96.7980219!16s%2Fg%2F11nx3w419q!19sChIJQ4z3XrUjTIYRDxh42NyxC2I?authuser=0&hl=pt-BR&rclk=1,Abbott,,Escritório da empresa,·,,·,6901 Preston Rd,,,,#ERROR!,,,Rotas,,,4,-13,,
https://www.google.com.br/maps/place/Alliance+Pharmacy+Plano/data=!4m7!3m6!1s0x864c2300694ff2e7:0xfbdd0f15d3f4f6a5!8m2!3d33.0556163!4d-96.7728255!16s%2Fg%2F11lcfxzm3s!19sChIJ5_JPaQAjTIYRpfb00xUP3fs?authuser=0&hl=pt-BR&rclk=1,Alliance Pharmacy Plano,,Farmácia,·,,·,4152 W Spring Creek Pkwy suite 160,Fechado,· Abre seg. às 09:00,·,#ERROR!,https://www.alliancepharmacyplano.com/,,Website,,Rotas,"4,2",-13,Entrega,
https://www.google.com.br/maps/place/Chelsea+Pharmacy/data=!4m7!3m6!1s0x864c23467befab13:0x459f6bbb3424f24a!8m2!3d33.0417308!4d-96.7552959!16s%2Fg%2F11hp8s0btb!19sChIJE6vve0YjTIYRSvIkNLtrn0U?authuser=0&hl=pt-BR&rclk=1,Chelsea Pharmacy,,Farmácia,·,,·,3115 W Parker Rd Suite 395,Fechado,· Abre seg. às 09:00,·,#ERROR!,http://www.chelseapharmacyrx.com/,,Website,,Rotas,"4,6",-59,Compras na loja,
https://www.google.com.br/maps/place/MedScript+Pharmacy/data=!4m7!3m6!1s0x864c224c194e2b2b:0xb09c61c2770c0bb3!8m2!3d33.0137396!4d-96.7872731!16s%2Fg%2F11fx95xcx8!19sChIJKytOGUwiTIYRswsMd8JhnLA?authuser=0&hl=pt-BR&rclk=1,MedScript Pharmacy,,Farmácia,·,,·,1101 Ohio Dr Suite 115,Fechado,· Abre seg. às 09:00,·,#ERROR!,http://msprx.us/,,Website,,Rotas,"3,2",-73,Entrega,
https://www.google.com.br/maps/place/Abrams+Royal+Pharmacy+II/data=!4m7!3m6!1s0x864c23aac51664a7:0x9c471622d7e505a2!8m2!3d33.0287055!4d-96.792156!16s%2Fg%2F1tgx2f3v!19sChIJp2QWxaojTIYRogXl1yIWR5w?authuser=0&hl=pt-BR&rclk=1,Abrams Royal Pharmacy II,,Farmácia,·,,·,4909 W Park Blvd #177,Fechado,· Abre seg. às 09:00,·,#ERROR!,http://www.arp-rx.com/,,Website,,Rotas,"4,7",-39,Compras na loja,
https://www.google.com.br/maps/place/Orthogenix+CBD/data=!4m7!3m6!1s0x864c23ef23b656b7:0xad81dedbeb58112b!8m2!3d33.0581421!4d-96.795262!16s%2Fg%2F11qg084393!19sChIJt1a2I-8jTIYRKxFY69vega0?authuser=0&hl=pt-BR&rclk=1,Orthogenix CBD,Nenhuma avaliação,Empresa farmacêutica,·,,·,6200 Preston Rd Suite 300A,,,,#ERROR!,http://orthogenixcbd.com/,,Website,,Rotas,,,,
https://www.google.com.br/maps/place/Cubixx+Solutions/data=!4m7!3m6!1s0x864c3c9b2a5d9cbd:0x2eae3ed226d1d3a!8m2!3d33.0498788!4d-96.8723145!16s%2Fg%2F11fct771bg!19sChIJvZxdKps8TIYROh1tIu3j6gI?authuser=0&hl=pt-BR&rclk=1,Cubixx Solutions,Nenhuma avaliação,Empresa farmacêutica,·,,·,5025 Plano Pkwy,,,,#ERROR!,,,Rotas,,,,,,
https://www.google.com.br/maps/place/Pace+Analytical/data=!4m7!3m6!1s0x864c17452598354f:0x740c590180bdf5a3!8m2!3d33.091895!4d-96.676479!16s%2Fg%2F1hc3b3t48!19sChIJTzWYJUUXTIYRo_W9gAFZDHQ?authuser=0&hl=pt-BR&rclk=1,Pace Analytical,,Laboratório,·,,400 West Bethany Drive,Fechado,· Abre seg. às 08:00,·,,(219) 567-1737,https://www.google.com.br/aclk?sa=L&ai=DChsSEwjFjL3t66-UAxWHaEgAHbYaF8QYACICCAEQABoCY2U&co=1&ase=2&gclid=Cj0KCQjw2YDQBhD_ARIsAE1qeScg0aWYSgQnCfXReUOaTOGg-yQin17S6CaOCvzt43tIQhOJUqnlqvwaAhRJEALw_wcB&cid=CAASuwHkaO6pSub2X0bHFiYR9Zgihf4CgQxBFHw_ynJXQ7jdQUkSGbHNzW4W6PdhfpbK7s2ZcqLX7y5gA9vd0cpThPU0PbPBxC9he1BpRSr6GI1ZS4DZEUuiRkJ9zG0fCK88QRUGOR_BvO_sBHYfu9ZQQJcVtpZ2VnyYw6k1tB1vfVRms4vKXX_kVgvgnm5-2yl-kFnHabYbRLtxgFyh3hIY7IJhEWNAXdrEiXhnL5HHP6QNTDiqTdQzZp5oEr5h&cce=2&category=acrcp_v1_32&sig=AOD64_2MgviP5NEOzsuRXS4rHQyhopoVzQ&adurl&q&ctype=99&nis=6,,Website,,Rotas,"4,7",-10,,
https://www.google.com.br/maps/place/Pace+Analytical/data=!4m7!3m6!1s0x864c17452598354f:0x740c590180bdf5a3!8m2!3d33.091895!4d-96.676479!16s%2Fg%2F1hc3b3t48!19sChIJTzWYJUUXTIYRo_W9gAFZDHQ?authuser=0&hl=pt-BR&rclk=1,Pace Analytical,,Laboratório,·,,400 West Bethany Drive,Fechado,· Abre seg. às 08:00,·,,(219) 567-1737,https://www.google.com.br/aclk?sa=L&ai=DChsSEwjW9qHw66-UAxVtU0gAHRJSClQYACICCAEQABoCY2U&co=1&ase=2&gclid=Cj0KCQjw2YDQBhD_ARIsAE1qeSfycww6fg1FDFmi9EELlTg_RbCBS2Ci0zBHBObLytcq6PZmqG485m0aAhiIEALw_wcB&cid=CAASuwHkaLpUgojVHmWpqJuzA9OqDOxl87mukIof9uZv6byFd-15S048xfkpYnmHQiGg8PL1veBEkwPF_pyW4MsIhHp6ZGsx2wiAkyHYb2ZaqOld5hzCs_tOPfVKgXSgwe2WkilY8AFPvRVP5rbLypcj0WoSZlkgc-c4zr8mnokTROTK5YQUX57mjztt_VPaVzu2B0wzrqooE8OqVRC_NvVjktEuiFaUT8GVsuTLFCSZqkzVASc3JxJVZHcguFKZ&cce=2&category=acrcp_v1_32&sig=AOD64_1hXI_JzE83ItCppDkMAjJwthWDqw&adurl&q&ctype=99&nis=6,,Website,,Rotas,"4,7",-10,,
https://www.google.com.br/maps/place/Southern+Star+Pharmacy+-+Plano/data=!4m7!3m6!1s0x864c1f201759b7e3:0x3bb92948b5e023ac!8m2!3d33.0562816!4d-96.8322717!16s%2Fg%2F11cm49kg2h!19sChIJ47dZFyAfTIYRrCPgtUgpuTs?authuser=0&hl=pt-BR&rclk=1,Southern Star Pharmacy - Plano,,Farmácia,·,,·,6101 Windhaven Pkwy Ste 125,Fechado,· Abre seg. às 09:00,·,#ERROR!,https://southernstarrx.com/,,Website,,Rotas,"4,8",-186,Compras na loja,
https://www.google.com.br/maps/place/CSI+Pharmacy/data=!4m7!3m6!1s0x864c234876f2a935:0x780db69eb64b338a!8m2!3d33.0729131!4d-96.8103992!16s%2Fg%2F11x80dwnhf!19sChIJNanydkgjTIYRijNLtp62DXg?authuser=0&hl=pt-BR&rclk=1,CSI Pharmacy,,Farmácia,·,,·,5340 Legacy Dr ste 115,Fechado,· Abre seg. às 08:30,·,#ERROR!,https://csipharmacy.com/?utm_source=google&utm_medium=organic&utm_campaign=business_profile&utm_term=plano,,Website,,Rotas,5,-2,Entrega,
https://www.google.com.br/maps/place/ReNue+Frisco+Compounding+Pharmacy/data=!4m7!3m6!1s0x864c3b635b20a00f:0xdd793b8dbd388634!8m2!3d33.1040356!4d-96.8408283!16s%2Fg%2F11dymlb9_s!19sChIJD6AgW2M7TIYRNIY4vY07ed0?authuser=0&hl=pt-BR&rclk=1,ReNue Frisco Compounding Pharmacy,,Farmácia,·,,·,3010 Legacy Dr STE 110,Fechado,· Abre seg. às 09:00,·,#ERROR!,https://renuerx.com/?utm_source=gmb&utm_id=frisco,,Website,,Rotas,"4,9",-164,Compras na loja,
https://www.google.com.br/maps/place/Spring+Creek+Pharmacy/data=!4m7!3m6!1s0x864c19cfdeba6391:0x2589c4b4299dee67!8m2!3d33.0042754!4d-96.7629768!16s%2Fg%2F1pp2vmy1g!19sChIJkWO63s8ZTIYRZ-6dKbTEiSU?authuser=0&hl=pt-BR&rclk=1,Spring Creek Pharmacy,,Farmácia,·,,·,3737 Mapleshade Ln,Fechado,· Abre seg. às 09:00,·,#ERROR!,https://www.springcreekpharmacy.com/,,Website,,Rotas,"4,1",-104,Entrega,
https://www.google.com.br/maps/place/UnitedRx+Pharmacy/data=!4m7!3m6!1s0x864c232d48f4888b:0x2745a44445502148!8m2!3d33.0623412!4d-96.7980523!16s%2Fg%2F11s4bgq5dj!19sChIJi4j0SC0jTIYRSCFQRUSkRSc?authuser=0&hl=pt-BR&rclk=1,UnitedRx Pharmacy,,Farmácia,·,,·,6533 Preston Rd STE 300,Fechado,· Abre seg. às 09:00,·,#ERROR!,http://www.theunitedrx.com/,,Website,,Rotas,"4,6",-41,Entrega,
https://www.google.com.br/maps/place/Senderra+Specialty+Pharmacy/data=!4m7!3m6!1s0x864c1ee15fcff701:0x534d9ad6a4eb2295!8m2!3d33.0072914!4d-96.6622136!16s%2Fg%2F1jgl_x6lx!19sChIJAffPX-EeTIYRlSLrpNaaTVM?authuser=0&hl=pt-BR&rclk=1,Senderra Specialty Pharmacy,,Farmácia,·,,·,3712 E Plano Pkwy Suite 200,Fechado,· Abre seg. às 08:00,·,#ERROR!,https://www.senderrarx.com/,,Website,,Rotas,"1,7",-90,Entrega,
https://www.google.com.br/maps/place/Allen+Family+Drug/data=!4m7!3m6!1s0x864c1736e8c16e8f:0xca63b64069adfdd9!8m2!3d33.1070186!4d-96.6773028!16s%2Fg%2F1td7zh2z!19sChIJj27B6DYXTIYR2f2taUC2Y8o?authuser=0&hl=pt-BR&rclk=1,Allen Family Drug,,Farmácia,·,,·,317 N Central Expy,Fechado,· Abre seg. às 08:30,·,#ERROR!,https://allenfamilydrug.com/,,Website,,Rotas,"4,6",-81,Compras na loja,
https://www.google.com.br/maps/place/Sembio+Partners/data=!4m7!3m6!1s0x864c3c8e67a00193:0x7c998cdd3dd2054c!8m2!3d33.1082321!4d-96.820072!16s%2Fg%2F1ydxc8lxx!19sChIJkwGgZ448TIYRTAXSPd2MmXw?authuser=0&hl=pt-BR&rclk=1,Sembio Partners,Nenhuma avaliação,Empresa farmacêutica,·,,·,7460 Warren Pkwy suite 230,,,,#ERROR!,https://sembiogroup.com/,,Website,,Rotas,,,,
https://www.google.com.br/maps/place/Infinity+Pharmacy+Solutions/data=!4m7!3m6!1s0x864c1bfce11db54f:0x461667fde9bfc19d!8m2!3d33.001096!4d-96.6609392!16s%2Fg%2F1ptwtczt5!19sChIJT7Ud4fwbTIYRncG_6f1nFkY?authuser=0&hl=pt-BR&rclk=1,Infinity Pharmacy Solutions,,Farmácia,·,,·,3313 Essex Dr Suite 200,Fechado,· Abre seg. às 09:00,·,#ERROR!,http://www.infinitypharmacy.com/,,Website,,Rotas,3,-22,Entrega,
https://www.google.com.br/maps/place/Leeds+Pharmacy/data=!4m7!3m6!1s0x864c1b004ff2f7d3:0xde9431abae09cc3a!8m2!3d33.0113951!4d-96.619698!16s%2Fg%2F11whzvz864!19sChIJ0_fyTwAbTIYROswJrqsxlN4?authuser=0&hl=pt-BR&rclk=1,Leeds Pharmacy,Nenhuma avaliação,Empresa farmacêutica,·,,·,318 W Farm To Market 544 Suite B3,Fechado,· Abre seg. às 08:00,·,#ERROR!,,,Rotas,,,,,,
https://www.google.com.br/maps/place/Royal+Family+Pharmacy/data=!4m7!3m6!1s0x864c1934e34506b3:0x9985d189e70ac69f!8m2!3d33.003433!4d-96.665545!16s%2Fg%2F11wj2p_53b!19sChIJswZF4zQZTIYRn8YK54nRhZk?authuser=0&hl=pt-BR&rclk=1,Royal Family Pharmacy,,Farmácia,·,,·,525 Shiloh Rd Suite 1200,Fechado,· Abre seg. às 10:00,·,#ERROR!,http://royalfamilyrx.com/,,Website,,Rotas,"4,9",-37,Compras na loja,
https://www.google.com.br/maps/place/Paragon+Healthcare+Inc./data=!4m7!3m6!1s0x864c23cc5bb7e56f:0xf67ffe18d539296c!8m2!3d33.003927!4d-96.7516393!16s%2Fg%2F1tfhgtkk!19sChIJb-W3W8wjTIYRbCk51Rj-f_Y?authuser=0&hl=pt-BR&rclk=1,Paragon Healthcare Inc.,,Farmácia,·,,3033 W President George Bush Hwy,,,,,,https://paragonhealthcare.com/,,Website,,Rotas,"2,3",-35,Entrega,
https://www.google.com.br/maps/place/Frontline+Pharma+Technologies+LLC/data=!4m7!3m6!1s0x864c3bf77870b5ad:0x67ba26f883b53729!8m2!3d33.1309293!4d-96.8904384!16s%2Fg%2F11sy74k885!19sChIJrbVwePc7TIYRKTe1g_gmumc?authuser=0&hl=pt-BR&rclk=1,Frontline Pharma Technologies LLC,,Agência de empregos,·,,·,6300 FM 423 Apt 3105,Fechado,· Abre seg. às 09:00,·,#ERROR!,,,Rotas,,,5,-1,,
https://www.google.com.br/maps/place/Stellus+Rx/data=!4m7!3m6!1s0x864c3d9f0fc2d9cd:0x857bdbeb680d9766!8m2!3d33.090462!4d-96.80934!16s%2Fg%2F11kj9nd46b!19sChIJzdnCD589TIYRZpcNaOvbe4U?authuser=0&hl=pt-BR&rclk=1,Stellus Rx,,Farmácia,·,,·,8277 Belleview Dr,Fechado,· Abre seg. às 09:00,·,#ERROR!,http://www.stellusrx.com/,,Website,,Rotas,4,-27,Entrega,
https://www.google.com.br/maps/place/Texas+Health+Prescription+Shop+plano/data=!4m7!3m6!1s0x864c249e87085de3:0xa974e93790eb0b81!8m2!3d33.0438308!4d-96.8354568!16s%2Fg%2F11f50v572f!19sChIJ410Ih54kTIYRgQvrkDfpdKk?authuser=0&hl=pt-BR&rclk=1,Texas Health Prescription Shop plano,,Farmácia,·,,·,6130 W Parker Rd Suite#100,Fechado,· Abre seg. às 09:00,·,#ERROR!,https://www.texashealth.org/Locations/texas-health-plano,,Website,,Rotas,"4,5",-8,Entrega,
https://www.google.com.br/maps/place/CaringRX+Pharmacy/data=!4m7!3m6!1s0x864c23617b7fc7b3:0xf452d3cd26bc6ae5!8m2!3d33.04419!4d-96.8319551!16s%2Fg%2F11b66cgcc1!19sChIJs8d_e2EjTIYR5Wq8Js3TUvQ?authuser=0&hl=pt-BR&rclk=1,CaringRX Pharmacy,,Farmácia,·,,6020 W Parker Rd Ste 270,·,Fechado,· Abre seg. às 09:00,,#ERROR!,,,Rotas,,,"3,8",-46,Entrega,
"https://www.google.com.br/maps/place/Bracane+Company,+Inc./data=!4m7!3m6!1s0x864c19e728694a13:0xcff1bb989072a716!8m2!3d33.020174!4d-96.7183357!16s%2Fg%2F11n8v57b7z!19sChIJE0ppKOcZTIYRFqdykJi78c8?authuser=0&hl=pt-BR&rclk=1","Bracane Company, Inc.",,Pesquisa e desenvolvimento de produtos,·,,·,1201 W 15th St Suite 330,Fechado,· Abre seg. às 09:00,·,#ERROR!,https://www.bracaneco.com/,,Website,,Rotas,"2,3",-3,,
https://www.google.com.br/maps/place/AD+Pharmacy/data=!4m7!3m6!1s0x864c3d13d9d4112f:0x88f829347172355a!8m2!3d33.0937049!4d-96.795794!16s%2Fg%2F11vby8d5bh!19sChIJLxHU2RM9TIYRWjVycTQp-Ig?authuser=0&hl=pt-BR&rclk=1,AD Pharmacy,,Farmácia,·,,·,4690 McDermott Rd ste 177,Fechado,· Abre seg. às 08:00,·,#ERROR!,,,Rotas,,,"3,2",-26,Entrega,
https://www.google.com.br/maps/place/Daray+Trading/data=!4m7!3m6!1s0x864c193e3d9482e9:0x56bea57ccf2e1ecf!8m2!3d33.0113729!4d-96.6891457!16s%2Fg%2F11sdbfxtf3!19sChIJ6YKUPT4ZTIYRzx4uz3ylvlY?authuser=0&hl=pt-BR&rclk=1,Daray Trading,Nenhuma avaliação,Distribuidora de Produtos Farmacêuticos,·,,·,1607 Capital Ave,,,,,https://daraytrading.com/,,Website,,Rotas,,,,
https://www.google.com.br/maps/place/Yaso+Therapeutics+Inc./data=!4m7!3m6!1s0x637f13218af05c7b:0xb60fd26872b9fbfc!8m2!3d46.423669!4d-129.9427086!16s%2Fg%2F11vyvtpsc1!19sChIJe1zwiiETf2MR_Pu5cmjSD7Y?authuser=0&hl=pt-BR&rclk=1,Yaso Therapeutics Inc.,Nenhuma avaliação,Empresa farmacêutica,,,,,Fechado,· Abre seg. à 00:00,,,https://yasotherapeutics.com/,,Website,,Rotas,,,,
https://www.google.com.br/maps/place/Southern+Star+Foods/data=!4m7!3m6!1s0x864c1959dedfcaf5:0xc2df266fb1fe4e7e!8m2!3d33.0020785!4d-96.6675532!16s%2Fg%2F1v_z99hq!19sChIJ9crf3lkZTIYRfk7-sW8m38I?authuser=0&hl=pt-BR&rclk=1,Southern Star Foods,"3,3",-53,Fabricante de alimentos,·,,·,408 Wyngate Blvd,Fechado,· Abre seg. às 08:00,·,#ERROR!,,Rotas,,,,,,
https://www.google.com.br/maps/place/Love+Bananas+Popsicles/data=!4m7!3m6!1s0x864c1f133cadee7f:0x770cbf42fceec360!8m2!3d33.0597764!4d-96.7314998!16s%2Fg%2F11pcsl_x91!19sChIJf-6tPBMfTIYRYMPu_EK_DHc?authuser=0&hl=pt-BR&rclk=1,Love Bananas Popsicles,5,-11,Fabricante de alimentos,·,,2011 Spring Creek Pkwy # 2000,,,,,,,Rotas,,,,,,
https://www.google.com.br/maps/place/K%26M+Foods+Inc./data=!4m7!3m6!1s0x864c190064b8674b:0x260b894e0fc8e329!8m2!3d33.0079145!4d-96.6978498!16s%2Fg%2F11xst9jv0s!19sChIJS2e4ZAAZTIYRKePID06JCyY?authuser=0&hl=pt-BR&rclk=1,K&M Foods Inc.,5,-1,Loja atacadista de alimentos,·,,1135 E Plano Pkwy #3,Fechado,· Abre seg. às 09:00,·,,#ERROR!,,Website,https://knmfood.com/,,Rotas,,,
https://www.google.com.br/maps/place/FGR+Food+Corporation/data=!4m7!3m6!1s0x864c3cb1b2435fc5:0xf4dbe673e13b307d!8m2!3d33.079654!4d-96.8225339!16s%2Fg%2F113f4qy4f!19sChIJxV9DsrE8TIYRfTA74XPm2_Q?authuser=0&hl=pt-BR&rclk=1,FGR Food Corporation,4,-1,Fornecedor de produtos alimentícios,·,,7300 Lone Star Dr,·,Fechado,· Abre seg. à 00:00,,#ERROR!,,Rotas,,,,,,
"https://www.google.com.br/maps/place/Texafoods,+Inc/data=!4m7!3m6!1s0x864c196eb294a1c3:0x4a4232f07e1453da!8m2!3d33.0079348!4d-96.6978295!16s%2Fg%2F11h71bc3s3!19sChIJw6GUsm4ZTIYR2lMUfvAyQko?authuser=0&hl=pt-BR&rclk=1","Texafoods, Inc","3,2",-5,Fornecedor de produtos alimentícios,·,,1135 E Plano Pkwy,·,Fechado,· Abre seg. às 08:30,,#ERROR!,,Rotas,,,,,,
"https://www.google.com.br/maps/place/Maui+Foods+International,+Inc./data=!4m7!3m6!1s0x864e98bfe40ccd9d:0x1d48c6b7feea4bb5!8m2!3d33.0102729!4d-96.6751251!16s%2Fg%2F1th49tbn!19sChIJnc0M5L-YToYRtUvq_rfGSB0?authuser=0&hl=pt-BR&rclk=1","Maui Foods International, Inc.","4,3",-18,Padaria atacadista,·,,2901 Summit Ave #400,Fechado,· Abre seg. às 08:00,·,,#ERROR!,,Website,http://mauifoods.net/,,Rotas,Não faz entrega,,
https://www.google.com.br/maps/place/Tastefully+Olive/data=!4m7!3m6!1s0x206def6d652a07c9:0xcb47b3a8d060683b!8m2!3d46.423669!4d-129.9427086!16s%2Fg%2F11swgryk43!19sChIJyQcqZW3vbSARO2hg0KizR8s?authuser=0&hl=pt-BR&rclk=1,Tastefully Olive,5,-32,Fabricante de alimentos,,,·,Fechado,· Abre seg. às 09:00,,,#ERROR!,,Website,https://www.tastefullyolive.com/,,Rotas,Entrega,,
https://www.google.com.br/maps/place/Craft+Food/data=!4m7!3m6!1s0x864c3d305c94cb43:0x484846b55d2684b2!8m2!3d33.0914066!4d-96.8042151!16s%2Fg%2F11p3sgvqmg!19sChIJQ8uUXDA9TIYRsoQmXbVGSEg?authuser=0&hl=pt-BR&rclk=1,Craft Food,"4,6",-294,Supermercado,·,,·,Fechado,· Abre seg. às 10:00,·,8300 Preston Rd #190,#ERROR!,,Website,http://www.craftfoodusa.com/,,Rotas,Compras na loja,·,Entrega
https://www.google.com.br/maps/place/ATA+Foods+LLC/data=!4m7!3m6!1s0x864c1e321cf70d49:0x533ed74bf5abe5c0!8m2!3d32.9117185!4d-96.7021101!16s%2Fg%2F11c59nr6v7!19sChIJSQ33HDIeTIYRwOWr9UvXPlM?authuser=0&hl=pt-BR&rclk=1,ATA Foods LLC,5,-7,Fabricante de alimentos,·,,11999 S Plano Rd #190,Fechado,· Abre seg. às 08:00,·,,#ERROR!,,Website,http://ata-foods.com/,,Rotas,,,
"https://www.google.com.br/maps/place/A%2B+Food+Industry+Inspections,+Inc/data=!4m7!3m6!1s0x864c3d7e3104caad:0xb06d2eec0043c5d5!8m2!3d33.0888149!4d-96.7959745!16s%2Fg%2F11m5p3cr0s!19sChIJrcoEMX49TIYR1cVDAOwubbA?authuser=0&hl=pt-BR&rclk=1","A+ Food Industry Inspections, Inc",5,-33,Agência de certificação,·,,·,Fechado,· Abre seg. às 09:00,·,8105 Rasor Boulevard,#ERROR!,,Website,https://aplusfii.com/,,Rotas,,,
https://www.google.com.br/maps/place/PepsiCo+-+Frito-Lay+North+America/data=!4m7!3m6!1s0x864c3b3965084cd9:0x4df889b7ff4c840a!8m2!3d33.07721!4d-96.8433347!16s%2Fg%2F11g21r0v1_!19sChIJ2UwIZTk7TIYRCoRM_7eJ-E0?authuser=0&hl=pt-BR&rclk=1,PepsiCo - Frito-Lay North America,"3,7",-146,Fornecedor de produtos alimentícios,·,,·,,,,7701 Legacy Dr,#ERROR!,,Website,https://www.pepsico.com/,,Rotas,,,
https://www.google.com.br/maps/place/PepsiCo/data=!4m7!3m6!1s0x864c3cb79d25dc65:0x17af9368a38cb591!8m2!3d33.076243!4d-96.8421523!16s%2Fg%2F1261hj5kt!19sChIJZdwlnbc8TIYRkbWMo2iTrxc?authuser=0&hl=pt-BR&rclk=1,PepsiCo,"3,4",-63,Fabricante,·,,·,7701 Legacy Dr,Aberto,· Fecha 22:00,·,#ERROR!,,Rotas,,,,,,
https://www.google.com.br/maps/place/Green+Vine+Market/data=!4m7!3m6!1s0x864c19d02be0f245:0x30ed8f321d2cdeba!8m2!3d33.0243265!4d-96.6978848!16s%2Fg%2F11j61b9qh9!19sChIJRfLgK9AZTIYRut4sHTKP7TA?authuser=0&hl=pt-BR&rclk=1,Green Vine Market,"4,6",-1.243,Empório gourmet,·,,·,Aberto,· Fecha 20:30,·,1804 K Ave,#ERROR!,,Website,http://greenvinemarket.com/?utm_source=google&utm_medium=maps&utm_campaign=gbp&utm_content=gbp_website_link,,Rotas,Compras na loja,·,Retirada na porta
https://www.google.com.br/maps/place/Central+Market/data=!4m7!3m6!1s0x864c2216a42f6613:0xb9cc086cc49226d!8m2!3d33.0021965!4d-96.7646127!16s%2Fg%2F1tfsc7f2!19sChIJE2YvpBYiTIYRbSJJzIbAnAs?authuser=0&hl=pt-BR&rclk=1,Central Market,"4,6",-4.698,Empório gourmet,·,,·,Aberto,· Fecha 22:00,·,320 Coit Rd,#ERROR!,,Website,https://www.centralmarket.com/locations/plano?utm_source=google&utm_medium=organic&utm_campaign=cm_stores,,Rotas,Compras na loja,·,Retirada na porta
https://www.google.com.br/maps/place/Land+%26+Sea+Food+Solutions/data=!4m7!3m6!1s0x864c23b3ee104efd:0xd2b79691b7bf28e4!8m2!3d33.0155246!4d-96.8073489!16s%2Fg%2F11fjs4s5zm!19sChIJ_U4Q7rMjTIYR5Ci_t5GWt9I?authuser=0&hl=pt-BR&rclk=1,Land & Sea Food Solutions,,,Fornecedor de produtos alimentícios,·,,5304 W Plano Pkwy Suite #5,Fechado,· Abre seg. às 07:00,·,,#ERROR!,,Website,https://www.lsfoodsolutions.com/,,Rotas,,,
https://www.google.com.br/maps/place/Tasty+Goodness+LLC/data=!4m7!3m6!1s0x67cf8217ebdc35df:0xd6f3a98ff1877097!8m2!3d31.7627386!4d-95.6729834!16s%2Fg%2F11schzwj66!19sChIJ3zXc6xeCz2cRl3CH8Y-p89Y?authuser=0&hl=pt-BR&rclk=1,Tasty Goodness LLC,5,-2,Fabricante de temperos,,,·,Aberto 24 horas,,,,#ERROR!,,Website,https://bringthetasty.com/,,Rotas,,,
https://www.google.com.br/maps/place/Hirsch%27s+Meats/data=!4m7!3m6!1s0x864c185a6264d55f:0x8b4c0a252d84d50d!8m2!3d33.0414806!4d-96.718245!16s%2Fg%2F1tgcyg82!19sChIJX9VkYloYTIYRDdWELSUKTIs?authuser=0&hl=pt-BR&rclk=1,Hirsch's Meats,"4,8",-538,Açougue,·,,·,Fechado,· Abre ter. às 10:00,·,1301 W Parker Rd #100,#ERROR!,,Website,https://www.hirschsmeats.com/,,Rotas,Serviços no local,,
https://www.google.com.br/maps/place/Whole+Foods+Market/data=!4m7!3m6!1s0x864c2300a3154a4d:0xe73fe670290f85dc!8m2!3d33.0293286!4d-96.7969057!16s%2Fg%2F119tmjg81!19sChIJTUoVowAjTIYR3IUPKXDmP-c?authuser=0&hl=pt-BR&rclk=1,Whole Foods Market,"4,4",-2.481,Supermercado,·,,·,Aberto,· Fecha 21:00,Mercado de produtos naturais e orgânicos,2201 Preston Rd,#ERROR!,,Website,https://www.wholefoodsmarket.com/stores/plano?utm_source=google&utm_medium=organic&utm_campaign=listings,,Rotas,Compras na loja,·,Retirada na porta
https://www.google.com.br/maps/place/Plano+Halal+Meats/data=!4m7!3m6!1s0x864c19006ab39b39:0xd89d1b3e92e0d531!8m2!3d33.0579608!4d-96.689309!16s%2Fg%2F11y42xn20c!19sChIJOZuzagAZTIYRMdXgkj4bndg?authuser=0&hl=pt-BR&rclk=1,Plano Halal Meats,"4,9",-281,Açougue,·,,·,Fecha em breve,· 19:00 · Abre seg. às 10:00,·,6100 K Ave suite 102,#ERROR!,,Website,https://www.planohalalmeat.com/,,Rotas,Compras na loja,·,Entrega
https://www.google.com.br/maps/place/Southwest+Farmers+Market/data=!4m7!3m6!1s0x864c195647f712e5:0xcf945a572623e39c!8m2!3d33.0425741!4d-96.7145321!16s%2Fg%2F11z1sylhb9!19sChIJ5RL3R1YZTIYRnOMjJldalM8?authuser=0&hl=pt-BR&rclk=1,Southwest Farmers Market,5,-6,Loja de artigos africanos,·,,915 W Parker Rd,Aberto,· Fecha 22:00,·,,#ERROR!,,Website,https://www.southwestfarmersmarket.com/,,Rotas,Compras na loja,,
https://www.google.com.br/maps/place/Dallas+USA+Foods/data=!4m7!3m6!1s0x864e9bbf3f8e640d:0x9c1540f8db3c802c!8m2!3d32.7744133!4d-96.8577648!16s%2Fg%2F1tfgdn91!19sChIJDWSOP7-bToYRLIA82_hAFZw?authuser=0&hl=pt-BR&rclk=1,Dallas USA Foods,"4,3",-47,Fabricante de alimentos,·,,·,Fechado,· Abre seg. às 08:00,·,1880 Lone Star Dr,#ERROR!,,Website,http://www.dallasusafoods.com/,,Rotas,,,
https://www.google.com.br/maps/place/Landmark+Foods/data=!4m7!3m6!1s0x864c3ccd19ca739f:0x4bdb0c2ae4b564fc!8m2!3d33.0728238!4d-96.8103382!16s%2Fg%2F1v96m5tk!19sChIJn3PKGc08TIYR_GS15CoM20s?authuser=0&hl=pt-BR&rclk=1,Landmark Foods,,,Negociante de alimentos,·,,5340 Legacy Dr #301,·,Fechado,· Abre seg. às 08:00,,#ERROR!,,Rotas,,,,,,
https://www.google.com.br/maps/place/Goodness+Steak+Seasoning/data=!4m7!3m6!1s0x8416bdafdb640cb:0x6cf7f57617237a4f!8m2!3d46.423669!4d-129.9427086!16s%2Fg%2F11rtcfd430!19sChIJy0C2_dprQQgRT3ojF3b192w?authuser=0&hl=pt-BR&rclk=1,Goodness Steak Seasoning,5,-12,Fabricante de temperos,,,·,Fechado,· Abre seg. à 00:00,,,#ERROR!,,Website,http://bringthetasty.com/,,Rotas,,,
https://www.google.com.br/maps/place/DAT%27s+Good+Cooking+LLC/data=!4m7!3m6!1s0xb845dc14cafb4a7:0xb3613f4539aaeff3!8m2!3d32.8067814!4d-97.031894!16s%2Fg%2F11p5_r312_!19sChIJp7SvTMFdhAsR8--qOUU_YbM?authuser=0&hl=pt-BR&rclk=1,DAT's Good Cooking LLC,5,-8,Fabricante de alimentos,,,·,Fechado,· Abre seg. às 10:00,,,#ERROR!,,Website,http://dats-good-cooking.square.site/,,Rotas,,,
https://www.google.com.br/maps/place/The+Texas+Slab+Factory/data=!4m7!3m6!1s0x864c1902e7f7927d:0xcca927918f84b471!8m2!3d33.0241224!4d-96.704542!16s%2Fg%2F11c1nrlzwh!19sChIJfZL35wIZTIYRcbSEj5Enqcw?authuser=0&hl=pt-BR&rclk=1,The Texas Slab Factory,"3,7",-3,Fabricante,·,,801 18th St,,,,,#ERROR!,,Rotas,,,,,,
https://www.google.com.br/maps/place/Soulfully+Yours+llc/data=!4m7!3m6!1s0x864c3dd109cc91bb:0xa4c2a8c2ff5cfa15!8m2!3d33.0789293!4d-96.8090684!16s%2Fg%2F11kqr10c1l!19sChIJu5HMCdE9TIYRFfpc_8KowqQ?authuser=0&hl=pt-BR&rclk=1,Soulfully Yours llc,,,Fabricante de alimentos,·,,·,Fechado,· Abre seg. às 09:00,·,5465 Legacy Dr,#ERROR!,,Website,https://soulfullyyourssauce.com/,,Rotas,,,
https://www.google.com.br/maps/place/Apogee+Foods/data=!4m7!3m6!1s0x864e9d0155faa3cb:0x5e6505b54ef4ffd4!8m2!3d32.8500426!4d-96.8833188!16s%2Fg%2F11c6vksh6p!19sChIJy6P6VQGdToYR1P_0TrUFZV4?authuser=0&hl=pt-BR&rclk=1,Apogee Foods,"2,4",-10,Fabricante de alimentos,·,,·,Fecha em breve,· 18:30 · Abre seg. às 06:00,·,9755 Clifford Dr #150,#ERROR!,,Website,http://www.apogeefoods.com/,,Rotas,,,
https://www.google.com.br/maps/place/Urban+Taste+Catering+Co/data=!4m7!3m6!1s0x864c18143d31196b:0x6253bd8a3a6c228e!8m2!3d33.059728!4d-96.731894!16s%2Fg%2F11ddxqf5np!19sChIJaxkxPRQYTIYRjiJsOoq9U2I?authuser=0&hl=pt-BR&rclk=1,Urban Taste Catering Co,"4,8",-52,Serviço de catering,·,,·,Fechado,· Abre seg. às 09:00,·,2011 Spring Creek Pkwy # 2000,#ERROR!,,Website,http://www.urbantastecatering.com/,,Rotas,,,
https://www.google.com.br/maps/place/Pegasus+Foods+Inc/data=!4m7!3m6!1s0x80c2c89e2a8d128d:0xf9a982ab48255938!8m2!3d32.9127512!4d-96.4254282!16s%2Fg%2F1tfhzw3s!19sChIJjRKNKp7IwoAROFklSKuCqfk?authuser=0&hl=pt-BR&rclk=1,Pegasus Foods Inc,"3,2",-85,Fabricante,·,,·,,,,1635 Innovation Dr,#ERROR!,,Website,https://pegasusfoodgroup.com/,,Rotas,,,
https://www.google.com.br/maps/place/Surlean+Foods/data=!4m7!3m6!1s0x864e900230838b73:0x1d6104f5f6707522!8m2!3d32.7014368!4d-96.9186073!16s%2Fg%2F1tmqrs9c!19sChIJc4uDMAKQToYRInVw9vUEYR0?authuser=0&hl=pt-BR&rclk=1,Surlean Foods,"3,7",-91,Fabricante de alimentos,·,,·,Fechado,· Abre seg. às 08:00,·,3551 Dan Morton Dr,#ERROR!,,Website,http://www.surleanfoods.com/,,Rotas,,,
https://www.google.com.br/maps/place/American+Chef+Inc/data=!4m7!3m6!1s0x864c19032890a28b:0x3ee97284d8240ba4!8m2!3d33.0237086!4d-96.7036913!16s%2Fg%2F1tykvsjk!19sChIJi6KQKAMZTIYRpAsk2IRy6T4?authuser=0&hl=pt-BR&rclk=1,American Chef Inc,,,Atacadista de carnes,·,,812 18th St,,,,,#ERROR!,,Website,http://www.americanchefinc.com/,,Rotas,,,
https://www.google.com.br/maps/place/Land+of+Oz+Beef/data=!4m7!3m6!1s0x864c3d3b0c24f421:0xfbe3f7cf154a25c5!8m2!3d32.9696576!4d-96.8690754!16s%2Fg%2F11n2hg3079!19sChIJIfQkDDs9TIYRxSVKFc_34_s?authuser=0&hl=pt-BR&rclk=1,Land of Oz Beef,5,-50,Açougue,,,·,Aberto 24 horas,,,,#ERROR!,,Website,http://www.landofozbeef.com/,,Rotas,Entrega,,
https://www.google.com.br/maps/place/Mitsuwa+Marketplace+-+Texas+Plano/data=!4m7!3m6!1s0x864c19c494599741:0x979b6269030c5543!8m2!3d33.0666595!4d-96.6929242!16s%2Fg%2F11c52_xtct!19sChIJQZdZlMQZTIYRQ1UMA2lim5c?authuser=0&hl=pt-BR&rclk=1,Mitsuwa Marketplace - Texas Plano,"4,6",-3.847,Mercearia japonesa,·,,·,Aberto,· Fecha 21:00,Supermercado com produtos japoneses,100 Legacy Dr,#ERROR!,,Website,https://mitsuwa.com/tp/,,Rotas,Serviços no local,,
https://www.google.com.br/maps/place/KC%27s+Organics/data=!4m7!3m6!1s0x65be616c89da4435:0xb8409070b0186b32!8m2!3d46.423669!4d-129.9427086!16s%2Fg%2F11s0gz_0l8!19sChIJNUTaiWxhvmURMmsYsHCQQLg?authuser=0&hl=pt-BR&rclk=1,KC's Organics,5,-5,Fabricante de alimentos,,,·,Fechado,· Abre ter. às 17:00,,,#ERROR!,,Website,http://kcsorganic.com/?utm_source=gmb&utm_medium=referral,,Rotas,,,
https://www.google.com.br/maps/place/Renfro+Foods+Inc./data=!4m7!3m6!1s0x864e71054c113549:0xddb1746a199cb276!8m2!3d32.7409554!4d-97.3183899!16s%2Fg%2F1tj96t_g!19sChIJSTURTAVxToYRdrKcGWp0sd0?authuser=0&hl=pt-BR&rclk=1,Renfro Foods Inc.,"4,5",-59,Fabricante de alimentos,·,,815 Stella St,Fechado,· Abre seg. às 08:30,·,,#ERROR!,,Website,http://www.renfrofoods.com/,,Rotas,,,
https://www.google.com.br/maps/place/Ace+Mart+Restaurant+Supply/data=!4m7!3m6!1s0x864e0cd37a59c2fb:0xa5e48eeea14bf1c2!8m2!3d33.0278272!4d-96.7688716!16s%2Fg%2F1vtqwhv5!19sChIJ-8JZetMMToYRwvFLoe6O5KU?authuser=0&hl=pt-BR&rclk=1,Ace Mart Restaurant Supply,"4,7",-50,Loja de materiais para restaurante,·,,·,Fechado,· Abre seg. às 08:30,·,2220 Coit Rd Ste 200,#ERROR!,,Website,http://www.acemart.com/,,Rotas,Compras na loja,·,Retirada na loja
https://www.google.com.br/maps/place/H+Mart+Plano/data=!4m7!3m6!1s0x864c19a8ba8039bf:0x8807465796ed6014!8m2!3d33.039174!4d-96.6969663!16s%2Fg%2F1yh8073k7!19sChIJvzmAuqgZTIYRFGDtlldGB4g?authuser=0&hl=pt-BR&rclk=1,H Mart Plano,"4,4",-5.074,Mercearia coreana,·,,·,Aberto,· Fecha 22:00,Mercado asiático com produtos domésticos,3320 K Ave,#ERROR!,,Website,https://www.hmart.com/store/plano-tx-75074/462ea92c-3c28-43cb-ac5b-8062eb1fb6ab,,Rotas,Compras na loja,,
https://www.google.com.br/maps/place/National+Food+%26+Beverage/data=!4m7!3m6!1s0x864e9c93e437107f:0x8b1a2470d3b210d0!8m2!3d32.8163561!4d-96.8926871!16s%2Fg%2F1td1kddk!19sChIJfxA35JOcToYR0BCy03AkGos?authuser=0&hl=pt-BR&rclk=1,National Food & Beverage,"4,6",-22,Fornecedor de produtos alimentícios,·,,9030 Premier Row,Fechado,· Abre seg. às 08:00,·,,#ERROR!,,Website,https://www.national-foods.com/,,Rotas,Entrega,,
https://www.google.com.br/maps/place/Unlawful+Assembly+Brewing+Co./data=!4m7!3m6!1s0x864c3d0fd4a8879d:0x97374e01fa16cf0f!8m2!3d33.0834409!4d-96.8259812!16s%2Fg%2F11f6l73cmb!19sChIJnYeo1A89TIYRD88W-gFON5c?authuser=0&hl=pt-BR&rclk=1,Unlawful Assembly Brewing Co.,4,-48,Cervejaria,·,,·,Aberto,· Fecha 22:00,Bar animado com vista para a cervejaria,7800 Windrose Ave.,#ERROR!,,Website,https://www.unlawfulassembly.com/,,Rotas,Não faz entrega,,
"https://www.google.com.br/maps/place/Plano+Restaurant+Equipment,+LLC/data=!4m7!3m6!1s0x864c192102999869:0x81ef071aacc866e9!8m2!3d33.0080406!4d-96.7041223!16s%2Fg%2F11c1q3qvx6!19sChIJaZiZAiEZTIYR6WbIrBoH74E?authuser=0&hl=pt-BR&rclk=1","Plano Restaurant Equipment, LLC",,,Fabricante,·,,701 E Plano Pkwy #510,,,,,#ERROR!,,Website,http://www.planoreq.net/,,Rotas,,,
https://www.google.com.br/maps/place/Blue+Fig+International+Market/data=!4m7!3m6!1s0x864c1bcc47573d9d:0x68301903c9ce78b!8m2!3d33.0327117!4d-96.6499951!16s%2Fg%2F11g9c61t0b!19sChIJnT1XR8wbTIYRi-ecPJABgwY?authuser=0&hl=pt-BR&rclk=1,Blue Fig International Market,"4,6",-842,Supermercado,·,,·,4101 E Park Blvd # 135,Aberto,· Fecha 21:00,·,#ERROR!,,Rotas,,,,Serviços no local,,
https://www.google.com.br/maps/place/Abrams+Food+Company/data=!4m7!3m6!1s0x651efcc874565479:0x1fe69eeab5b1319d!8m2!3d33.1934971!4d-96.5695895!16s%2Fg%2F11s1wcr828!19sChIJeVRWdMj8HmURnTGxteqe5h8?authuser=0&hl=pt-BR&rclk=1,Abrams Food Company,,,Fabricante de alimentos,,,,,,,,#ERROR!,,Website,http://abramsfoodco.com/,,Rotas,,,
https://www.google.com.br/maps/place/FARM2COOK+FRESH+MEAT+STORE/data=!4m7!3m6!1s0x864c1998fbadfcff:0x5c8185062ffb3107!8m2!3d33.0553101!4d-96.7081316!16s%2Fg%2F11gr68xqdh!19sChIJ__yt-5gZTIYRBzH7LwaFgVw?authuser=0&hl=pt-BR&rclk=1,FARM2COOK FRESH MEAT STORE,"3,4",-66,Açougue,·,,·,Aberto,· Fecha 20:00,·,820 Spring Creek Pkwy #302,#ERROR!,,Website,https://farm2cook.com/,,Rotas,Compras na loja,·,Retirada na loja
https://www.google.com.br/maps/place/Rum+Cakes+Factory/data=!4m7!3m6!1s0x864c231e037b7fcd:0xb4a14afc5553d0c2!8m2!3d33.0562292!4d-96.8320088!16s%2Fg%2F11jtxds9ns!19sChIJzX97Ax4jTIYRwtBTVfxKobQ?authuser=0&hl=pt-BR&rclk=1,Rum Cakes Factory,"4,7",-720,Padaria,·,,·,Fechado,· Abre seg. às 11:00,·,6101 Windhaven Pkwy #140,#ERROR!,,Website,http://www.rumcakesfactory.com/,,Rotas,Refeição no local,·,Retirada na porta
https://www.google.com.br/maps/place/Smoothie+Factory+International/data=!4m7!3m6!1s0x864c1b53097f2bcb:0xdedd842ecc98316e!8m2!3d33.0613405!4d-96.7365624!16s%2Fg%2F11h06mwntg!19sChIJyyt_CVMbTIYRbjGYzC6E3d4?authuser=0&hl=pt-BR&rclk=1,Smoothie Factory International,5,-1,Fabricante de alimentos,,,·,Fechado,· Abre seg. às 09:00,,,#ERROR!,,Website,http://www.smoothiefactory.net/,,Rotas,,,
https://www.google.com.br/maps/place/Royal+Zabhia+Halal+Meats+%26+Bakery/data=!4m7!3m6!1s0x864c22c0be556ea7:0x62cadf910dfec5f6!8m2!3d33.0571206!4d-96.7719822!16s%2Fg%2F1ptvqy_67!19sChIJp25VvsAiTIYR9sX-DZHfymI?authuser=0&hl=pt-BR&rclk=1,Royal Zabhia Halal Meats & Bakery,"4,2",-441,Açougue,·,,·,Aberto,· Fecha 21:30,·,6205 Coit Rd # 324,#ERROR!,,Website,http://www.royalhalalmeat.com/,,Rotas,Compras na loja,·,Retirada na porta
https://www.google.com.br/maps/place/Arvoli+Honey/data=!4m7!3m6!1s0x864c198f6889b321:0xb41ea6f62cdabaf6!8m2!3d46.423669!4d-129.9427086!16s%2Fg%2F11jmz3qm03!19sChIJIbOJaI8ZTIYR9rraLPamHrQ?authuser=0&hl=pt-BR&rclk=1,Arvoli Honey,5,-5,Fabricante de alimentos,,,,Fechado,· Abre seg. às 10:00,,,,,Website,https://www.arvoli.com/,,Rotas,,,
https://www.google.com.br/maps/place/Abrams+Food+Company/data=!4m7!3m6!1s0xa7ca75b12ab7ffc7:0x36c51cb97632633e!8m2!3d33.1934971!4d-96.5695895!16s%2Fg%2F11s1wd8q3y!19sChIJx_-3KrF1yqcRPmMydrkcxTY?authuser=0&hl=pt-BR&rclk=1,Abrams Food Company,,,Fabricante de alimentos,,,,,,,,#ERROR!,,Rotas,,,,,,
https://www.google.com.br/maps/place/Abrams+Food+Company/data=!4m7!3m6!1s0x40c95b27c76b138b:0xa2cc3bed9b71df55!8m2!3d31.1689103!4d-100.0768425!16s%2Fg%2F11qb5wdz14!19sChIJixNrxydbyUARVd9xm-07zKI?authuser=0&hl=pt-BR&rclk=1,Abrams Food Company,,,Fabricante de alimentos,,,,,,,,#ERROR!,,Website,http://abramsfoodco.com/,,Rotas,,,
https://www.google.com.br/maps/place/PREMIER+MEAT+BAZAAR/data=!4m7!3m6!1s0x864c236c4c019daf:0xf6ddfbeb545e4fa1!8m2!3d33.0712397!4d-96.7523798!16s%2Fg%2F11g_zg17d8!19sChIJr50BTGwjTIYRoU9eVOv73fY?authuser=0&hl=pt-BR&rclk=1,PREMIER MEAT BAZAAR,"4,1",-145,Açougue,·,,·,6921 Independence Pkwy #190,Aberto,· Fecha 21:00,·,#ERROR!,,Rotas,,,,Compras na loja,·,Retirada na porta
https://www.google.com.br/maps/place/Scrumptious+Fried+Pies+%26+Pastries./data=!4m7!3m6!1s0x864c199b2c408c89:0x87f224e8f2a8cc53!8m2!3d31.1689103!4d-100.0768425!16s%2Fg%2F11fpszm26n!19sChIJiYxALJsZTIYRU8yo8ugk8oc?authuser=0&hl=pt-BR&rclk=1,Scrumptious Fried Pies & Pastries.,5,-7,Fabricante de alimentos,,,·,,Aberto,· Fecha 20:00,,#ERROR!,,Rotas,,,,,,
https://www.google.com.br/maps/place/Bai+Brands+LLC/data=!4m7!3m6!1s0x864c3d51bf94e97f:0x1694a3412351b60a!8m2!3d33.077801!4d-96.8060624!16s%2Fg%2F11qh1y6qmc!19sChIJf-mUv1E9TIYRCrZRI0GjlBY?authuser=0&hl=pt-BR&rclk=1,Bai Brands LLC,3,-5,Distribuidora de bebidas,·,,·,Fechado,· Abre seg. às 08:00,,5301 Legacy Dr,,,Website,http://drinkbai.com/,,Rotas,,,
https://www.google.com.br/maps/place/H-E-B/data=!4m7!3m6!1s0x864c23459a932857:0x893d37f472afcf92!8m2!3d33.0553542!4d-96.7965965!16s%2Fg%2F11s33w3t0z!19sChIJVyiTmkUjTIYRks-vcvQ3PYk?authuser=0&hl=pt-BR&rclk=1,H-E-B,"4,6",-6.517,Supermercado,·,,·,Aberto,· Fecha 23:00,·,6001 Preston Rd Suite 100,#ERROR!,,Website,https://www.heb.com/heb-store/US/tx/plano/h-e-b-plano-790?utm_source=google&utm_medium=organic&utm_campaign=gmb_stores&utm_content=plano,,Rotas,Compras na loja,·,Retirada na porta
https://www.google.com.br/maps/place/Restore+Simply+LLC/data=!4m7!3m6!1s0x864c173a2ba0d1e5:0x921eb5b9322f8aaf!8m2!3d33.0613405!4d-96.7365624!16s%2Fg%2F11h24jlv2n!19sChIJ5dGgKzoXTIYRr4ovMrm1HpI?authuser=0&hl=pt-BR&rclk=1,Restore Simply LLC,5,-3,Fabricante de chá,,,·,,Fechado,· Abre seg. às 08:00,,#ERROR!,,Rotas,,,,,,
https://www.google.com.br/maps/place/Royal+Roost+Farm/data=!4m7!3m6!1s0x864c19538fce5ca7:0x952840fde649849e!8m2!3d33.42926!4d-96.2952705!16s%2Fg%2F11h81n1xv0!19sChIJp1zOj1MZTIYRnoRJ5v1AKJU?authuser=0&hl=pt-BR&rclk=1,Royal Roost Farm,5,-2,Negócio de produção de comida,,,·,Fechado,· Abre seg. às 09:00,,,#ERROR!,,Website,http://www.royalroostfarm.com/,,Rotas,,,
https://www.google.com.br/maps/place/Regal+Research+and+Manufacturing/data=!4m7!3m6!1s0x864c1924a7ff7413:0xab952b58b607f906!8m2!3d33.0069158!4d-96.6961284!16s%2Fg%2F1td58_ym!19sChIJE3T_pyQZTIYRBvkHtlgrlas?authuser=0&hl=pt-BR&rclk=1,Regal Research and Manufacturing,"3,8",-32,Fornecedor de chapas metálicas,·,,·,Fechado,· Abre seg. às 07:30,·,1200 E Plano Pkwy,#ERROR!,,Website,http://www.regalresearch.com/,,Rotas,,,
https://www.google.com.br/maps/place/Fast+Bar/data=!4m7!3m6!1s0xc3151fda86d824d:0x243d710476131537!8m2!3d46.423669!4d-129.9427086!16s%2Fg%2F11rqs__dq5!19sChIJTYJtqP1RMQwRNxUTdgRxPSQ?authuser=0&hl=pt-BR&rclk=1,Fast Bar,3,-3,Fabricante de alimentos,,,·,Fechado,· Abre seg. às 09:00,,,#ERROR!,,Website,https://fastbar.com/,,Rotas,,,
https://www.google.com.br/maps/place/World+of+Organics+Garden+Supply/data=!4m7!3m6!1s0x864c1f2ff8386cbf:0x326546aacf1aa43c!8m2!3d33.0395465!4d-96.7081954!16s%2Fg%2F12vqykyy1!19sChIJv2w4-C8fTIYRPKQaz6pGZTI?authuser=0&hl=pt-BR&rclk=1,World of Organics Garden Supply,"4,6",-194,Fornecedor de fertilizantes,·,,·,Fechado,· Abre seg. às 10:00,·,230 W Parker Rd #180c,#ERROR!,,Website,https://worldoforganicsandhydroponics.com/,,Rotas,Serviços no local,,
https://www.google.com.br/maps/place/Union+Bear+Brewing+Co./data=!4m7!3m6!1s0x864c3cbc5ef3d20f:0x9f5e39f7e3d14c9c!8m2!3d33.0900944!4d-96.8213722!16s%2Fg%2F11gd4q95xy!19sChIJD9LzXrw8TIYRnEzR4_c5Xp8?authuser=0&hl=pt-BR&rclk=1,Union Bear Brewing Co.,"4,5",-1.728,Microcervejaria,·,,·,Aberto,· Fecha 22:00,·,5880 State Hwy 121 #101,#ERROR!,,Website,http://www.unionbear.com/,,Rotas,Refeição no local,·,Para viagem
https://www.google.com.br/maps/place/Let%27s+Get+Cooking/data=!4m7!3m6!1s0x864c18143d31196b:0x24620abcca313978!8m2!3d33.0597278!4d-96.7318944!16s%2Fg%2F11c7w0s99q!19sChIJaxkxPRQYTIYReDkxyrwKYiQ?authuser=0&hl=pt-BR&rclk=1,Let's Get Cooking,,,Escritório da empresa,·,,·,2011 Spring Creek Pkwy,Fechado,· Abre seg. às 11:00,·,#ERROR!,,Rotas,,,,,,
https://www.google.com.br/maps/place/Texas+Toffee/data=!4m7!3m6!1s0x864c2282ff6daf55:0xf0d7be9586040451!8m2!3d33.0210436!4d-96.7510878!16s%2Fg%2F11f7b62y5m!19sChIJVa9t_4IiTIYRUQQEhpW-1_A?authuser=0&hl=pt-BR&rclk=1,Texas Toffee,"4,8",-100,Doceria,·,,·,Fechado,· Abre ter. às 10:00,·,2963 W 15th St Ste #2975,#ERROR!,,Website,https://texastoffee.com/,,Rotas,Compras na loja,·,Retirada na loja
https://www.google.com.br/maps/place/Fiesta+Mart+%2359/data=!4m7!3m6!1s0x864c19a8f125843b:0x43b2e522e341416a!8m2!3d33.0370288!4d-96.6957734!16s%2Fg%2F1tgnmgqq!19sChIJO4Ql8agZTIYRakFB4yLlskM?authuser=0&hl=pt-BR&rclk=1,Fiesta Mart #59,"4,1",-2.981,Supermercado,·,,·,Aberto,· Fecha 23:00,·,1200 E Parker Rd,#ERROR!,,Website,https://www.fiestamart.com/,,Rotas,Retirada na porta,·,Entrega
https://www.google.com.br/maps/place/Jusgo+Supermarket/data=!4m7!3m6!1s0x864c19d0022b21d3:0x57d88013c2f95528!8m2!3d33.0673428!4d-96.6954388!16s%2Fg%2F1tcvv7tc!19sChIJ0yErAtAZTIYRKFX5whOA2Fc?authuser=0&hl=pt-BR&rclk=1,Jusgo Supermarket,"4,2",-2.454,Supermercado asiático,·,,·,Aberto,· Fecha 21:00,·,240 Legacy Dr #200,#ERROR!,,Website,http://www.jusgosupermarket.com/plano/,,Rotas,Compras na loja,,
https://www.google.com.br/maps/place/Indopak+Supermarket/data=!4m7!3m6!1s0x864c181577aba0fd:0x7da7b8c079a6b37f!8m2!3d33.0574632!4d-96.7321557!16s%2Fg%2F1tsjf0yv!19sChIJ_aCrdxUYTIYRf7OmecC4p30?authuser=0&hl=pt-BR&rclk=1,Indopak Supermarket,"3,8",-1.076,Supermercado asiático,·,,·,Aberto,· Fecha 22:00,·,"4285, 2060 Spring Creek Pkwy",#ERROR!,,Website,https://m.facebook.com/Indopak-Supermarket-Cafe-Plano-426914760703679/,,Rotas,Compras na loja,·,Retirada na loja
https://www.google.com.br/maps/place/BAR-Ranch+Steak+Company/data=!4m7!3m6!1s0x864c19af5502970f:0x5bb4feaa8b0429da!8m2!3d33.019472!4d-96.6998321!16s%2Fg%2F11jkxj09rn!19sChIJD5cCVa8ZTIYR2ikEi6r-tFs?authuser=0&hl=pt-BR&rclk=1,BAR-Ranch Steak Company,"4,8",-439,Bife,·,,·,,,,1016 E 15th St,#ERROR!,,Website,http://barsteaks.com/,,Rotas,Refeição no local,·,Retirada na porta
https://www.google.com.br/maps/place/Wooden+Spoon+Scandinavian+Shop/data=!4m7!3m6!1s0x864c191b17f77639:0xbca22b49ddcf745c!8m2!3d33.0225641!4d-96.6996287!16s%2Fg%2F1v2jd9m2!19sChIJOXb3FxsZTIYRXHTP3Ukrorw?authuser=0&hl=pt-BR&rclk=1,Wooden Spoon Scandinavian Shop,"4,9",-190,Doceria,·,,·,Fechado,· Abre seg. às 10:00,·,1617 K Ave,#ERROR!,,Website,http://woodenspoonplano.com/,,Rotas,Compras na loja,·,Retirada na loja
https://www.google.com.br/maps/place/Afribbean+Market+Plano/data=!4m7!3m6!1s0x864c1923c4ac1d87:0x63da52e07a05cded!8m2!3d33.0076594!4d-96.7007929!16s%2Fg%2F1v8k__xj!19sChIJhx2sxCMZTIYR7c0FeuBS2mM?authuser=0&hl=pt-BR&rclk=1,Afribbean Market Plano,"4,8",-176,Loja de artigos africanos,·,,·,901 E Plano Pkwy,Fecha em breve,· 19:00 · Abre seg. às 10:00,·,#ERROR!,,Rotas,,,,Serviços no local,,
https://www.google.com.br/maps/place/P%26K+Research/data=!4m7!3m6!1s0x864c2282d9e3ba6b:0x3410960c9e174c57!8m2!3d33.0426758!4d-96.7528927!16s%2Fg%2F11gfgt4zs6!19sChIJa7rj2YIiTIYRV0wXngyWEDQ?authuser=0&hl=pt-BR&rclk=1,P&K Research,"4,6",-257,Analista de mercado,·,,·,Fechado,· Abre seg. às 09:00,·,3033 W Parker Rd,#ERROR!,,Website,http://www.pktesting.com/Locations/Plano.html,,Rotas,,,
https://www.google.com.br/maps/place/Phoenix+Food+LLC/data=!4m7!3m6!1s0x86490d313097d725:0xb825e0ac1a2d5164!8m2!3d32.5741729!4d-95.8715438!16s%2Fg%2F1tj3lgw0!19sChIJJdeXMDENSYYRZFEtGqzgJbg?authuser=0&hl=pt-BR&rclk=1,Phoenix Food LLC,"4,5",-13,Fabricante de alimentos,·,,·,Fechado,· Abre seg. às 09:00,·,1030 Reserve Dr,#ERROR!,,Website,http://www.phoenixfoodco.com/,,Rotas,,,
https://www.google.com.br/maps/place/Coffee+Del+Rey/data=!4m7!3m6!1s0x864c18fc0325fd03:0x491811e39dfdb26b!8m2!3d33.02777!4d-96.71134!16s%2Fg%2F1hhjt6dkv!19sChIJA_0lA_wYTIYRa7L9neMRGEk?authuser=0&hl=pt-BR&rclk=1,Coffee Del Rey,"4,9",-388,Torrefação de café,·,,·,Fechado,· Abre seg. às 08:00,·,1915 N Central Expy # 340,#ERROR!,,Website,http://www.coffeedelrey.com/,,Rotas,Refeição no local,·,Para viagem
https://www.google.com.br/maps/place/Pecan+Deluxe+Candy+Co/data=!4m7!3m6!1s0x864e9bba94e030b9:0xa3601d76938165ab!8m2!3d32.7683671!4d-96.8657343!16s%2Fg%2F1tf65wy9!19sChIJuTDglLqbToYRq2WBk3YdYKM?authuser=0&hl=pt-BR&rclk=1,Pecan Deluxe Candy Co,"3,2",-128,Fabricante de alimentos,·,,·,Fechado,· Abre seg. às 08:00,·,2570 Lone Star Dr,#ERROR!,,Website,http://www.pecandeluxe.com/,,Rotas,,,
https://www.google.com.br/maps/place/Kangen+Water+DFW+Texas/data=!4m7!3m6!1s0x864c18dde3fe7c13:0xd9138bf205e24f89!8m2!3d33.0100461!4d-96.7122559!16s%2Fg%2F11csqsz5s4!19sChIJE3z-490YTIYRiU_iBfKLE9k?authuser=0&hl=pt-BR&rclk=1,Kangen Water DFW Texas,"4,3",-13,Especialista em medicina holística,·,,·,Fechado,· Abre seg. às 10:00,·,621 W Plano Pkwy STE 235 Unit 8,#ERROR!,,Website,http://www.kangenwaterdfw.com/,,Rotas,Serviços no local,,
https://www.google.com.br/maps/place/Sprouts+Farmers+Market/data=!4m7!3m6!1s0x864c22cbcd12a859:0x296bfc2518cea9fc!8m2!3d33.070082!4d-96.773375!16s%2Fg%2F1tg81w5w!19sChIJWagSzcsiTIYR_KnOGCX8ayk?authuser=0&hl=pt-BR&rclk=1,Sprouts Farmers Market,"4,3",-801,Supermercado,·,,·,Aberto,· Fecha 22:00,Alimentos naturais e orgânicos,4100 Legacy Dr # 401,#ERROR!,,Website,https://sprouts.com/store/tx/plano/plano,,Rotas,Compras na loja,·,Retirada na porta
https://www.google.com.br/maps/place/Samose+Waali+-+Indian+Snacks+%26+Catering/data=!4m7!3m6!1s0x864c19756a3f5c97:0x8b643eaeca10e61d!8m2!3d33.0597764!4d-96.7314998!16s%2Fg%2F11sdw90ps7!19sChIJl1w_anUZTIYRHeYQyq4-ZIs?authuser=0&hl=pt-BR&rclk=1,Samose Waali - Indian Snacks & Catering,5,-9,Serviço de catering,·,,2011 Spring Creek Pkwy # 2000,Fechado,· Abre seg. às 16:30,·,,#ERROR!,,Website,http://www.samosewaali.com/,,Rotas,Para viagem,·,Entrega sem contato
https://www.google.com.br/maps/place/North+Food+Group/data=!4m7!3m6!1s0x864c2bcce984fc6b:0x7a6a119cb2b08170!8m2!3d32.9284572!4d-97.0212958!16s%2Fg%2F1td5900c!19sChIJa_yE6cwrTIYRcIGwspwRano?authuser=0&hl=pt-BR&rclk=1,North Food Group,"4,1",-89,Loja atacadista de alimentos,·,,·,Fechado,· Abre seg. às 06:00,·,1245 N Royal Ln,#ERROR!,,Website,http://www.northfoodgroup.com/,,Rotas,,,
https://www.google.com.br/maps/place/Williams-Sonoma/data=!4m7!3m6!1s0x864c23feeaa9ea65:0x7f160c2e8b5ef23f!8m2!3d33.0288459!4d-96.7967853!16s%2Fg%2F11rxq1t3yr!19sChIJZeqp6v4jTIYRP_Jeiy4MFn8?authuser=0&hl=pt-BR&rclk=1,Williams-Sonoma,"3,7",-76,Loja de utensílios de cozinha,·,,·,Fechado,· Abre seg. às 10:00,·,2201 Preston Rd B,#ERROR!,,Website,https://www.williams-sonoma.com/stores/us-tx-plano-preston-park/,,Rotas,Compras na loja,·,Retirada na loja
https://www.google.com.br/maps/place/Cookies+%26+Cupcake+By+Design/data=!4m7!3m6!1s0x864c2282fff1d769:0x60e1675748abe9eb!8m2!3d33.0407118!4d-96.7522406!16s%2Fg%2F1tg4lsq4!19sChIJadfx_4IiTIYR6-mrSFdn4WA?authuser=0&hl=pt-BR&rclk=1,Cookies & Cupcake By Design,"4,5",-293,Cookies,·,,·,Fechado,· Abre seg. às 10:00,·,3100 Independence Pkwy #101,#ERROR!,,Website,https://www.cookiesbydesign.com/a/store-locator/plano-tx-cookies-by-design-bakery.html?utm_source=google&utm_medium=gmb&utm_campaign=websiteclick&utm_content=Plano,,Rotas,Retirada na porta,·,Entrega sem contato
https://www.google.com.br/maps/place/Revelations+Trading/data=!4m7!3m6!1s0x864c3dc0db6db86d:0xf3cb7aaf0887451c!8m2!3d31.270037!4d-96.0065595!16s%2Fg%2F11g0h14hbb!19sChIJbbht28A9TIYRHEWHCK96y_M?authuser=0&hl=pt-BR&rclk=1,Revelations Trading,,,Fabricante de alimentos,,,·,,Aberto 24 horas,,,#ERROR!,,Rotas,,,,,,
https://www.google.com.br/maps/place/Tous+les+Jours/data=!4m7!3m6!1s0x864c19a8c8da47c5:0xc5a0227672ae0285!8m2!3d33.0392918!4d-96.6968671!16s%2Fg%2F1pzxcvk54!19sChIJxUfayKgZTIYRhQKucnYioMU?authuser=0&hl=pt-BR&rclk=1,Tous les Jours,4,-202,Padaria,·,,·,Aberto,· Fecha 20:30,·,3320 K Ave #218,#ERROR!,,Website,http://tljus.com/stores/plano-3320-k-ave?utm_source=google&utm_medium=gbp&utm_campaign=plano,,Rotas,Retirada na loja,·,Entrega
"https://www.google.com.br/maps/place/Wells+Brothers+Pet,+Lawn+%26+Garden/data=!4m7!3m6!1s0x864c19b914ce1447:0xd5751d059e4af0e9!8m2!3d33.0526587!4d-96.6913859!16s%2Fg%2F1tw_nnfb!19sChIJRxTOFLkZTIYR6fBKngUdddU?authuser=0&hl=pt-BR&rclk=1","Wells Brothers Pet, Lawn & Garden","4,7",-87,Centro de jardinagem,·,,·,Fechado,· Abre seg. às 09:00,·,5001 K Ave,#ERROR!,,Website,https://wellsbrothersfeed.com/,,Rotas,Compras na loja,·,Retirada na porta
https://www.google.com.br/maps/place/Euro+Delicatessen+Too+Inc./data=!4m7!3m6!1s0x864c22b5f9d50685:0x6077e4cd74d91835!8m2!3d33.070256!4d-96.7706372!16s%2Fg%2F11clzr6mzd!19sChIJhQbV-bUiTIYRNRjZdM3kd2A?authuser=0&hl=pt-BR&rclk=1,Euro Delicatessen Too Inc.,"4,5",-303,Supermercado,·,,·,"75024, 6832 Coit Rd #300",Fechado,· Abre seg. às 10:00,·,#ERROR!,,Rotas,,,,Serviços no local,,
https://www.google.com.br/maps/place/HerbMart/data=!4m7!3m6!1s0x864c22688656d333:0x1fd864f525fcccc6!8m2!3d33.018265!4d-96.768092!16s%2Fg%2F1td6yj34!19sChIJM9NWhmgiTIYRxsz8JfVk2B8?authuser=0&hl=pt-BR&rclk=1,HerbMart,"4,7",-201,Loja de produtos naturais,·,,·,Fechado,· Abre seg. às 10:00,·,4010 W 15th St STE 120,#ERROR!,,Website,https://herbmarttx.com/,,Rotas,Compras na loja,·,Retirada na loja
https://www.google.com.br/maps/place/La+Michoacana+Meat+Market/data=!4m7!3m6!1s0x864c196cbc269477:0xf91c6dcd487b193e!8m2!3d33.0195814!4d-96.684083!16s%2Fg%2F1td5gj9n!19sChIJd5QmvGwZTIYRPhl7SM1tHPk?authuser=0&hl=pt-BR&rclk=1,La Michoacana Meat Market,"3,6",-508,Açougue,·,,·,Aberto,· Fecha 22:00,Mercearia hispânica com taqueria,1409 Jupiter Rd Suite 102,#ERROR!,,Website,http://www.lamichoacanameatmarket.com/1409-jupiter-suite-102-plano/,,Rotas,Entrega,,
https://www.google.com.br/maps/place/80%7C20+Seasoning/data=!4m7!3m6!1s0x864c19ce45ccf76b:0xe9a811a021ecc42!8m2!3d46.423669!4d-129.9427086!16s%2Fg%2F11wxlgt4r9!19sChIJa_fMRc4ZTIYRQsweAhqBmg4?authuser=0&hl=pt-BR&rclk=1,80|20 Seasoning,,,Fabricante de temperos,,,,,,,,#ERROR!,,Website,https://www.8020seasoning.com/,,Rotas,,,
https://www.google.com.br/maps/place/Star+Meat+and+Cafe/data=!4m7!3m6!1s0x864c183553f20871:0xed67bea936dbecc8!8m2!3d33.0563654!4d-96.7070685!16s%2Fg%2F11cmyvy6kp!19sChIJcQjyUzUYTIYRyOzbNqm-Z-0?authuser=0&hl=pt-BR&rclk=1,Star Meat and Cafe,"4,2",-6,Açougue,·,,700 Spring Creek Pkwy,·,,,,#ERROR!,,Rotas,,,,,,
https://www.google.com.br/maps/place/Ulta+Beauty/data=!4m7!3m6!1s0x864c3cefd4b88d39:0x69e66f7464d83dd5!8m2!3d33.107363!4d-96.812176!16s%2Fg%2F1tgc057c!19sChIJOY241O88TIYR1T3YZHRv5mk?authuser=0&hl=pt-BR&rclk=1,Ulta Beauty,"4,1",-717,Loja de cosmético,·,3333 Preston Road,Fechado,· Abre seg. às 10:00,·,(972) 668-4171,,Rotas,,,,,,,,
https://www.google.com.br/maps/place/Revision+Skincare/data=!4m7!3m6!1s0x864c29dd8cf3b80b:0xa8280d57a0b37f!8m2!3d32.890992!4d-96.985718!16s%2Fg%2F124srw35r!19sChIJC7jzjN0pTIYRf7OgVw0oqAA?authuser=0&hl=pt-BR&rclk=1,Revision Skincare,"4,3",-6,Fabricante,·,5930 Campus Circle Drive West,Fechado,· Abre seg. às 09:00,·,(214) 678-0023,,Website,https://www.google.com.br/aclk?sa=L&ai=DChsSEwiY1_yb7K-UAxW-XkgAHdsrD44YACICCAEQABoCY2U&co=1&ase=2&gclid=Cj0KCQjw2YDQBhD_ARIsAE1qeSdpQyssjjvdZ_Kfb8K_X8C47SjV9DavY8eqr9hpDuOvOh0GajTYjYYaAuvuEALw_wcB&cid=CAASuwHkaEVhLqR6o4hcUhN8UiiHw7STE5BWq2n8Slvtk-lAk8cTm-1fkcmyqSoBolltRPyjgJcxgWtr1pJ4dn8dW1Ujml4rSXtKXphXfGSkA7yyOYvNCy4A4orAxgYW2ygUOHvN4lD8RtP7RKUwkIASNqhgfsjxMcPf8VPx51VR2BppB75HGBl7wFrmcPD-9l_8t8YTVgMK2-uLPJjy5py3eLcO-NzbN1D-fNkzLdg0oKCLHT93fKifEMk3C0T3&cce=2&category=acrcp_v1_32&sig=AOD64_1VOWF8dJUVGfyvM3lr_YIuMHM8cA&adurl&q&ctype=99&nis=6,,Rotas,,,,,
https://www.google.com.br/maps/place/Macadamia+Beauty+LLC./data=!4m7!3m6!1s0x864c3cbb0dc16c77:0x45541ef437ead0ac!8m2!3d33.0776152!4d-96.8236276!16s%2Fg%2F11ckvh7llw!19sChIJd2zBDbs8TIYRrNDqN_QeVEU?authuser=0&hl=pt-BR&rclk=1,Macadamia Beauty LLC.,5,-1,Fabricante,·,·,7250 Dallas Pkwy,,,#ERROR!,,Website,http://www.macadamiahair.com/,,Rotas,,,,,
https://www.google.com.br/maps/place/The+Highbrow+Company/data=!4m7!3m6!1s0x864c2386f522e8e1:0xafc86b20ff279692!8m2!3d33.0258876!4d-96.7685473!16s%2Fg%2F11g0w1vg5z!19sChIJ4egi9YYjTIYRkpYn_yBryK8?authuser=0&hl=pt-BR&rclk=1,The Highbrow Company,5,-4,Fábrica de cosméticos,·,1820 Coit Rd #140,Fechado,· Abre seg. às 08:00,·,#ERROR!,,Rotas,,,,,,,,
https://www.google.com.br/maps/place/Maven+Artistry/data=!4m7!3m6!1s0x864c236f2d27cf87:0x5981b2bdbf980dd0!8m2!3d33.0074049!4d-96.7794492!16s%2Fg%2F11ft0469f8!19sChIJh88nLW8jTIYR0A2Yv72ygVk?authuser=0&hl=pt-BR&rclk=1,Maven Artistry,5,-43,Fábrica de cosméticos,·,·,535 Talbert Dr Suite 104,,,#ERROR!,,Website,http://www.mavenartistry.com/,,Rotas,,,,,
https://www.google.com.br/maps/place/Spa+Order/data=!4m7!3m6!1s0x80dcd95ca695f4cd:0xc2b3a2dd6a9db2bb!8m2!3d33.010051!4d-96.6567091!16s%2Fg%2F11clvw3v3b!19sChIJzfSVplzZ3IARu7Kdat2is8I?authuser=0&hl=pt-BR&rclk=1,Spa Order,"4,7",-76,Atacadista,·,·,4001 E Plano Pkwy # 100,Fechado,· Abre seg. às 08:00,#ERROR!,,Website,http://www.spaorder.com/,,Rotas,,·,Serviços no local,,
https://www.google.com.br/maps/place/The+Cosmetics+Company+Store/data=!4m7!3m6!1s0x864c112b6d9b1c0b:0x759d0f9780326e14!8m2!3d33.1335253!4d-96.6603846!16s%2Fg%2F1thtp_bj!19sChIJCxybbSsRTIYRFG4ygJcPnXU?authuser=0&hl=pt-BR&rclk=1,The Cosmetics Company Store,"4,6",-420,Loja de cosmético,·,·,820 W Stacy Rd Suite 648,Fechado,· Abre seg. às 10:00,#ERROR!,,Website,http://www.thecosmeticscompanystore.com/?utm_medium=yext&utm_source=gmb,,Rotas,,·,Compras na loja,,
https://www.google.com.br/maps/place/Smooth+Skin+Supply+LLC/data=!4m7!3m6!1s0x864c193dbd10c861:0x8ca5da538b99e625!8m2!3d33.012139!4d-96.694306!16s%2Fg%2F11d_79pwq2!19sChIJYcgQvT0ZTIYRJeaZi1PapYw?authuser=0&hl=pt-BR&rclk=1,Smooth Skin Supply LLC,"4,6",-34,Fornecedor de produtos de beleza,·,961 N Ave #400,,Fechado,· Abre seg. às 09:00,,,Website,http://www.shopsebrazil.com/,,Rotas,,,,,
https://www.google.com.br/maps/place/ALA+Beauty+Corp-Salon+Equipment+Warehouse/data=!4m7!3m6!1s0x864c193cf8a1669f:0x1cd68d5954000aa2!8m2!3d33.0088902!4d-96.6942686!16s%2Fg%2F1tdpglqz!19sChIJn2ah-DwZTIYRogoAVFmN1hw?authuser=0&hl=pt-BR&rclk=1,ALA Beauty Corp-Salon Equipment Warehouse,"4,7",-143,Loja de produtos de beleza,·,·,1308 Summit Ave Suite #2,Fechado,· Abre seg. às 09:00,#ERROR!,,Website,http://www.salonequipmentwarehouse.com/,,Rotas,,·,Compras na loja,,
https://www.google.com.br/maps/place/Beauty+Manufacturing+Solutions+Corporation+HQ/data=!4m7!3m6!1s0x864c27b5fac5169d:0xf85fa781cd99bc25!8m2!3d32.9380559!4d-97.0067754!16s%2Fg%2F1261htn8m!19sChIJnRbF-rUnTIYRJbyZzYGnX_g?authuser=0&hl=pt-BR&rclk=1,Beauty Manufacturing Solutions Corporation HQ,"4,3",-59,Fabricante,·,·,1250 Freeport Pkwy,Fechado,· Abre seg. às 08:00,#ERROR!,,Website,http://www.beautymanufacture.com/,,Rotas,,·,,,
"https://www.google.com.br/maps/place/Beauty+Lab+LLC,/data=!4m7!3m6!1s0x864c1f04d3493865:0x455f47c2522067db!8m2!3d32.954891!4d-96.7142155!16s%2Fg%2F11cnrfcz5d!19sChIJZThJ0wQfTIYR22cgUsJHX0U?authuser=0&hl=pt-BR&rclk=1","Beauty Lab LLC,",5,-1,Fabricante de produtos cosméticos,·,505 N Bowser Rd,,,,#ERROR!,,Website,http://www.beautylab.net.co/,,Rotas,,,,,
https://www.google.com.br/maps/place/InStyle+Professional+Products/data=!4m7!3m6!1s0x864c193cf96aaaab:0xd92e6706f100c00b!8m2!3d33.0086238!4d-96.6936377!16s%2Fg%2F11h5q7y0yw!19sChIJq6pq-TwZTIYRC8AA8QZnLtk?authuser=0&hl=pt-BR&rclk=1,InStyle Professional Products,5,-2,Serviço de distribuição,·,1400 Summit Ave,Fechado,· Abre seg. às 10:00,·,#ERROR!,,Rotas,,,,,,,,
https://www.google.com.br/maps/place/ARITAUM/data=!4m7!3m6!1s0x864c19a8ba8039bf:0xd56b8269acca0b39!8m2!3d33.0397833!4d-96.6970411!16s%2Fg%2F11bycjrmtp!19sChIJvzmAuqgZTIYROQvKrGmCa9U?authuser=0&hl=pt-BR&rclk=1,ARITAUM,"4,5",-26,Loja de cosmético,·,·,3320 K Ave M116,Aberto,· Fecha 20:00,#ERROR!,,Website,https://us.aritaum.com/,,Rotas,,·,Serviços no local,,
https://www.google.com.br/maps/place/LuxeLabs+USA/data=!4m7!3m6!1s0x864c23610f73006b:0xec293054689b2cc8!8m2!3d33.0458397!4d-96.8319486!16s%2Fg%2F11c5b2md44!19sChIJawBzD2EjTIYRyCybaFQwKew?authuser=0&hl=pt-BR&rclk=1,LuxeLabs USA,,,Fabricante de produtos cosméticos,·,·,Fechado,· Abre seg. às 08:00,·,#ERROR!,,Rotas,,,,,6009 W Parker Rd Suite 149,,,
"https://www.google.com.br/maps/place/UI+Global+Brands,+LLC/data=!4m7!3m6!1s0x864c3a02d2299d2f:0x44ab31fc397ddc29!8m2!3d33.0875967!4d-96.8202549!16s%2Fg%2F11b7xs7py7!19sChIJL50p0gI6TIYRKdx9Ofwxq0Q?authuser=0&hl=pt-BR&rclk=1","UI Global Brands, LLC",5,-5,Atacadista de produtos de beleza,·,·,5800 Granite Pkwy STE 100,Fechado,· Abre seg. à 00:00,#ERROR!,,Website,https://www.urbanhydration.com/,,Rotas,,·,,,
https://www.google.com.br/maps/place/Lusine+Antonian+Beauty/data=!4m7!3m6!1s0x864c17df1e716d61:0x9b5fd3c0b939a15c!8m2!3d33.048735!4d-96.8318512!16s%2Fg%2F11swxvzc8x!19sChIJYW1xHt8XTIYRXKE5ucDTX5s?authuser=0&hl=pt-BR&rclk=1,Lusine Antonian Beauty,5,-85,Estúdio de maquiagem,·,3305 Dallas Pkwy,,,,#ERROR!,,Website,https://lusineantonianbeauty.com/,,Rotas,,,,,
https://www.google.com.br/maps/place/Armstrong+McCall/data=!4m7!3m6!1s0x864c18911de50f61:0x639e32881235b6ed!8m2!3d33.0402511!4d-96.7510396!16s%2Fg%2F1thxr0xn!19sChIJYQ_lHZEYTIYR7bY1EogynmM?authuser=0&hl=pt-BR&rclk=1,Armstrong McCall,"4,8",-160,Loja de produtos de beleza,·,·,3100 Independence Pkwy APT 312,Fechado,· Abre seg. às 08:30,#ERROR!,,Website,http://www.amcontx.com/,,Rotas,,·,Compras na loja,,
https://www.google.com.br/maps/place/Sada+Cosmetic+NP+Med+Spa%2FBotox+%26+Filler+Plano/data=!4m7!3m6!1s0x864c1f3ae4449d35:0x4c416464067cdc64!8m2!3d33.0824731!4d-96.7994955!16s%2Fg%2F11s0skc_y2!19sChIJNZ1E5DofTIYRZNx8BmRkQUw?authuser=0&hl=pt-BR&rclk=1,Sada Cosmetic NP Med Spa/Botox & Filler Plano,5,-52,Spa médico,·,·,7800 Preston Rd # 145,Fechado,· Abre ter. às 10:00,#ERROR!,,Website,http://www.sadamedspa.com/,,Rotas,,·,,,
https://www.google.com.br/maps/place/Bakers+Gray+Away+Wood+Seal%2FTexas+Wood+Products/data=!4m7!3m6!1s0x864c1922e6ae7a55:0xfa8d4e987522bef9!8m2!3d33.0085321!4d-96.697913!16s%2Fg%2F1tf3byl8!19sChIJVXqu5iIZTIYR-b4idZhOjfo?authuser=0&hl=pt-BR&rclk=1,Bakers Gray Away Wood Seal/Texas Wood Products,"4,6",-58,Fabricante de tintas,·,·,1108 Summit Ave #9,Fechado,· Abre seg. às 08:00,#ERROR!,,Website,http://www.texaswoodproducts.com/,,Rotas,,·,,,
https://www.google.com.br/maps/place/Michael+Marcus+Cosmetics/data=!4m7!3m6!1s0x864c1e2b8acc005d:0x513d32ade941eeac!8m2!3d32.8752722!4d-96.7644868!16s%2Fg%2F11bycg8lhz!19sChIJXQDMiiseTIYRrO5B6a0yPVE?authuser=0&hl=pt-BR&rclk=1,Michael Marcus Cosmetics,5,-2,Fabricante,·,·,7037 Twin Hills Ave Ste 175,,,#ERROR!,,Website,http://www.michaelmarcus.com/,,Rotas,,,,,
https://www.google.com.br/maps/place/ZAR+Wellness-+Premium+CBD+%26+THC+Products/data=!4m7!3m6!1s0x864c19cbcea4068b:0x9333edb4e62a715c!8m2!3d33.0198695!4d-96.7360649!16s%2Fg%2F11jm1b_1pf!19sChIJiwakzssZTIYRXHEq5rTtM5M?authuser=0&hl=pt-BR&rclk=1,ZAR Wellness- Premium CBD & THC Products,5,-646,Loja de cannabis,·,·,2235 W 15th St,Fechado,· Abre ter. às 11:00,#ERROR!,,Website,https://www.zarwellness.com/,,Rotas,,·,Compras na loja,,
https://www.google.com.br/maps/place/Brand+New+Promotions+%7C+Plano+Promotional+Products/data=!4m7!3m6!1s0x864c72cc782e8df5:0x3f589053146139d9!8m2!3d33.3236696!4d-96.5413484!16s%2Fg%2F11dxqmztt1!19sChIJ9Y0ueMxyTIYR2TlhFFOQWD8?authuser=0&hl=pt-BR&rclk=1,Brand New Promotions | Plano Promotional Products,5,-23,Fornecedor de produtos promocionais,,·,,Fechado,· Abre seg. à 00:00,#ERROR!,,Website,http://brandnewpromotions.com/,,Rotas,,,Agendamento on-line,,
https://www.google.com.br/maps/place/Ulta+Beauty/data=!4m7!3m6!1s0x864c3cefd4b88d39:0x69e66f7464d83dd5!8m2!3d33.107363!4d-96.812176!16s%2Fg%2F1tgc057c!19sChIJOY241O88TIYR1T3YZHRv5mk?authuser=0&hl=pt-BR&rclk=1,Ulta Beauty,"4,1",-717,Loja de cosmético,·,3333 Preston Road,Fechado,· Abre seg. às 10:00,·,(972) 668-4171,,Rotas,,,,,,,,
https://www.google.com.br/maps/place/Revision+Skincare/data=!4m7!3m6!1s0x864c29dd8cf3b80b:0xa8280d57a0b37f!8m2!3d32.890992!4d-96.985718!16s%2Fg%2F124srw35r!19sChIJC7jzjN0pTIYRf7OgVw0oqAA?authuser=0&hl=pt-BR&rclk=1,Revision Skincare,"4,3",-6,Fabricante,·,5930 Campus Circle Drive West,Fechado,· Abre seg. às 09:00,·,(214) 678-0023,,Website,https://www.google.com.br/aclk?sa=L&ai=DChsSEwjO0vqd7K-UAxUbWEgAHfdeBloYACICCAEQAhoCY2U&co=1&ase=2&gclid=Cj0KCQjw2YDQBhD_ARIsAE1qeSeJm69rhZWEMrEyHdKDBSUcOulyixWiBpzcyHdFzb9TBpIVbE80xikaAgdzEALw_wcB&cid=CAASuwHkaBxmx-z2bnBZNUCug3NJfaMtUEAxpkXmtibzdLxlBK2ls1HMD6gmGvCOHh2AKOV_nS85jMbSP6CrhNKSJY-wmp_e_7JeDI7pF8_WC2D-HskLrakpmX_YiDi7H-4sHzLghsR2ZDaKC9jThe2CI95coX9zrQCMn6uR32TF6g4a0M1T4ZvZ-lK93IbZG5pSdurOV5qm0xb0mG9KM_vycWmxouw2hZKebk36-XtiUdKcyOQiZTkcuhradBf1&cce=2&category=acrcp_v1_32&sig=AOD64_1HJ9uuVZGhGC91dltAdEK4mAHrLg&adurl&q&ctype=99&nis=6,,Rotas,,,,,
https://www.google.com.br/maps/place/KMA+Skin+Clarity/data=!4m7!3m6!1s0x864c24805abe9ab7:0x84f87d2de6b0047!8m2!3d33.0294971!4d-96.8369321!16s%2Fg%2F11f3qy6pm9!19sChIJt5q-WoAkTIYRRwBr3tKHTwg?authuser=0&hl=pt-BR&rclk=1,KMA Skin Clarity,5,-37,Spa facial,·,·,6400 W Plano Pkwy 135 Suite 24,Fechado,· Abre ter. às 11:00,#ERROR!,,Website,http://kmaskinclarity.com/,,Rotas,,·,,,
https://www.google.com.br/maps/place/GDMI+Inc/data=!4m7!3m6!1s0x864c1e02757a53af:0x84acfd161b20094!8m2!3d32.9016779!4d-96.6703497!16s%2Fg%2F1tqtb1z4!19sChIJr1N6dQIeTIYRlACyYdHPSgg?authuser=0&hl=pt-BR&rclk=1,GDMI Inc,5,-6,Fabricante de produtos cosméticos,·,·,2763 Marquis Dr,Fechado,· Abre seg. às 08:00,#ERROR!,,Website,http://www.gdmiinc.com/,,Rotas,,·,,,
https://www.google.com.br/maps/place/LivePURE%C2%AE/data=!4m7!3m6!1s0x864c3c01b56da91d:0x291b7420a5959abf!8m2!3d33.0893651!4d-96.8189625!16s%2Fg%2F11b70khxvz!19sChIJHalttQE8TIYRv5qVpSB0Gyk?authuser=0&hl=pt-BR&rclk=1,LivePURE®,"4,8",-33,Escritório da empresa,·,·,5601 Granite Pkwy #750,Fechado,· Abre seg. às 08:00,#ERROR!,,Website,https://livepure.com/,,Rotas,,·,Serviços no local,,
https://www.google.com.br/maps/place/Goodier+Cosmetics+Inc/data=!4m7!3m6!1s0x864e9c915a600f6f:0xdaf38c53d2208124!8m2!3d32.8158054!4d-96.8933145!16s%2Fg%2F1tflb1s1!19sChIJbw9gWpGcToYRJIEg0lOM89o?authuser=0&hl=pt-BR&rclk=1,Goodier Cosmetics Inc,4,-23,Fabricante de produtos cosméticos,·,·,9019 Premier Row,Fechado,· Abre seg. às 08:00,#ERROR!,,Website,http://www.goodiercosmetics.com/,,Rotas,,·,,,
https://www.google.com.br/maps/place/Beauty+Manufacturing+Solutions+Corporation+-+Fort+Worth/data=!4m7!3m6!1s0x864dd1d782d2adcf:0x367315d17cf68dee!8m2!3d32.982255!4d-97.241954!16s%2Fg%2F11kjmcjsrd!19sChIJz63SgtfRTYYR7o32fNEVczY?authuser=0&hl=pt-BR&rclk=1,Beauty Manufacturing Solutions Corporation - Fort Worth,"4,3",-3,Fabricante,·,·,5650 Alliance Gateway Fwy,Fechado,· Abre seg. às 07:00,#ERROR!,,Website,http://bmscjobs.com/,,Rotas,,·,,,
https://www.google.com.br/maps/place/VISOL+Products/data=!4m7!3m6!1s0x864c192232155555:0xa5de2ea4123e209b!8m2!3d33.0091897!4d-96.7005006!16s%2Fg%2F11fm_7nhnn!19sChIJVVUVMiIZTIYRmyA-EqQu3qU?authuser=0&hl=pt-BR&rclk=1,VISOL Products,5,-3,Loja,·,·,859 J Pl,Fechado,· Abre seg. às 09:30,#ERROR!,,Website,https://www.visolproducts.com/,,Rotas,,·,,,
"https://www.google.com.br/maps/place/Botanical+Science,+Inc./data=!4m7!3m6!1s0x864c261dc63e4f0d:0xa71a253c86fd6224!8m2!3d32.9409821!4d-96.9213793!16s%2Fg%2F1tfsht6s!19sChIJDU8-xh0mTIYRJGL9hjwlGqc?authuser=0&hl=pt-BR&rclk=1","Botanical Science, Inc.","4,8",-39,Atacadista,·,1625 Wallace Dr #130,·,Fechado,· Abre seg. às 08:30,#ERROR!,,Website,http://www.botanicalscience.net/,,Rotas,,,,,
https://www.google.com.br/maps/place/Salon+Equipment+Pros/data=!4m7!3m6!1s0x864c1d3d5a15c319:0xcef2e341da4d86ca!8m2!3d33.0112225!4d-96.7013778!16s%2Fg%2F11cly8lf0b!19sChIJGcMVWj0dTIYRyoZN2kHj8s4?authuser=0&hl=pt-BR&rclk=1,Salon Equipment Pros,"3,8",-38,Atacadista de produtos de beleza,·,·,910 10th St Suite 200,,,#ERROR!,,Website,http://www.salonequipmentpros.com/,,Rotas,,,Serviços no local,,
https://www.google.com.br/maps/place/AVON+STORE/data=!4m7!3m6!1s0x864c19ff37fc5d95:0xe0a1fcbe4a654387!8m2!3d33.0310272!4d-96.7000933!16s%2Fg%2F11g_yds6xr!19sChIJlV38N_8ZTIYRh0NlSr78oeA?authuser=0&hl=pt-BR&rclk=1,AVON STORE,"4,7",-36,Loja de cosmético,·,·,1020 E Park Blvd,Fechado,· Abre seg. às 10:00,#ERROR!,,Website,http://www.youravon.com/frodrigu,,Rotas,,·,Serviços no local,,
https://www.google.com.br/maps/place/THE+FACE+SHOP+Plano/data=!4m7!3m6!1s0x864c19a8b51524e9:0xd26e27522ac5f953!8m2!3d33.0398229!4d-96.697144!16s%2Fg%2F11cn9hht95!19sChIJ6SQVtagZTIYRU_nFKlInbtI?authuser=0&hl=pt-BR&rclk=1,THE FACE SHOP Plano,"3,3",-19,Loja de cosmético,·,·,"Inside Hmart Grocery Store, 3320 K Ave Unit 117",Aberto,· Fecha 20:00,#ERROR!,,Website,https://thefaceshopdallas.com/,,Rotas,,·,Serviços no local,,
https://www.google.com.br/maps/place/Issil+Beauty+Spa/data=!4m7!3m6!1s0x864c2331b20618a9:0xaec6681dcbb205cb!8m2!3d33.0754639!4d-96.8212052!16s%2Fg%2F11ftk6_2km!19sChIJqRgGsjEjTIYRywWyyx1oxq4?authuser=0&hl=pt-BR&rclk=1,Issil Beauty Spa,"4,9",-782,Spa médico,·,·,7140 Bishop Rd #F4,Fechado,· Abre seg. às 10:00,#ERROR!,,Website,http://issilbeautyspa.com/,,Rotas,,·,Serviços no local,,
https://www.google.com.br/maps/place/Blissful+Beauty+MedSpa/data=!4m7!3m6!1s0x864c2374c46cd689:0x8210c5e51e5a7f43!8m2!3d33.068921!4d-96.7718662!16s%2Fg%2F11w591kw5m!19sChIJidZsxHQjTIYRQ39aHuXFEII?authuser=0&hl=pt-BR&rclk=1,Blissful Beauty MedSpa,5,-81,Spa médico,·,·,6833 Coit Rd Suite 104,Fechado,· Abre seg. às 10:00,#ERROR!,,Website,https://blissfulbeautymedspa.com/,,Rotas,,·,Serviços no local,,
https://www.google.com.br/maps/place/Texas+Pure+Products/data=!4m7!3m6!1s0x864c17cc767ae5e5:0x7c75722a5b1fa52f!8m2!3d33.1143183!4d-96.7357115!16s%2Fg%2F1260stkk_!19sChIJ5eV6dswXTIYRL6UfWypydXw?authuser=0&hl=pt-BR&rclk=1,Texas Pure Products,"4,4",-154,Fornecedor de cobertura morta,·,·,9901 Custer Rd,Fechado,· Abre seg. às 08:00,#ERROR!,,Website,http://www.texaspureproducts.com/,,Rotas,,·,,,
https://www.google.com.br/maps/place/Nature+Wins/data=!4m7!3m6!1s0x864c2376eab845d1:0x1e1acd13964f7da2!8m2!3d33.0457985!4d-96.832106!16s%2Fg%2F11fjy400tz!19sChIJ0UW46nYjTIYRon1PlhPNGh4?authuser=0&hl=pt-BR&rclk=1,Nature Wins,"4,9",-776,Loja de vitaminas e suplementos,·,·,6009 W Parker Rd 149 Box 178,Fechado,· Abre seg. às 08:00,#ERROR!,,Website,https://thedrardisshow.com/nature-wins/,,Rotas,,·,Entrega,,
https://www.google.com.br/maps/place/Packaging+Corporation+of+America/data=!4m7!3m6!1s0x864c193944866b9b:0x2b0ce4b4c3bad37f!8m2!3d33.0060019!4d-96.6845503!16s%2Fg%2F1tqyfxd_!19sChIJm2uGRDkZTIYRf9O6w7TkDCs?authuser=0&hl=pt-BR&rclk=1,Packaging Corporation of America,"3,8",-81,Empresa de embalagens,·,·,1800 E Plano Pkwy,Fechado,· Abre seg. às 08:00,#ERROR!,,Website,http://www.packagingcorp.com/,,Rotas,,·,,,
https://www.google.com.br/maps/place/Horizon+Forest+Products/data=!4m7!3m6!1s0x864e812ba5861d27:0xbbe16d1ed20f284!8m2!3d33.0058599!4d-96.676448!16s%2Fg%2F11ckvl4w9c!19sChIJJx2GpSuBToYRhPIg7dEWvgs?authuser=0&hl=pt-BR&rclk=1,Horizon Forest Products,"4,9",-25,Loja de pisos,·,·,2800 E Plano Pkwy #200,Fechado,· Abre seg. às 07:00,#ERROR!,,Website,http://www.horizonforest.com/,,Rotas,,·,Retirada na loja,,
https://www.google.com.br/maps/place/Chemolee+Lab+Corporation/data=!4m7!3m6!1s0x864e83dbf8ae27e3:0xfaaa288c4742a524!8m2!3d32.8213791!4d-97.0013642!16s%2Fg%2F1tdb4pq_!19sChIJ4yeu-NuDToYRJKVCR4woqvo?authuser=0&hl=pt-BR&rclk=1,Chemolee Lab Corporation,"4,2",-5,Fabricante de produtos cosméticos,·,·,3820 Conflans Rd,Fechado,· Abre seg. às 08:00,#ERROR!,,Website,http://www.chemolee.com/,,Rotas,,·,,,
https://www.google.com.br/maps/place/K+Beauty+Supply/data=!4m7!3m6!1s0x864c19aed37de3d9:0x221728eae76290bd!8m2!3d33.0363466!4d-96.6978348!16s%2Fg%2F1tdd128w!19sChIJ2eN9064ZTIYRvZBi5-ooFyI?authuser=0&hl=pt-BR&rclk=1,K Beauty Supply,"4,1",-506,Loja de produtos de beleza,·,·,Fechado,· Abre seg. às 09:00,·,#ERROR!,,Rotas,,,,,1110 E Parker Rd #102,Compras na loja,,
https://www.google.com.br/maps/place/Survivor+Gals/data=!4m7!3m6!1s0x864c1866b0c7e3af:0xb13dee34c01cddd1!8m2!3d33.0389898!4d-96.7315518!16s%2Fg%2F1tfvhm35!19sChIJr-PHsGYYTIYR0d0cwDTuPbE?authuser=0&hl=pt-BR&rclk=1,Survivor Gals,"4,6",-38,Cabeleireiro,·,3000 Custer Rd #190,·,Fechado,· Abre seg. às 10:00,#ERROR!,,Website,http://www.survivorgals.com/,,Rotas,,,Serviços no local,,
https://www.google.com.br/maps/place/Cosmetic+Labs+LP/data=!4m7!3m6!1s0x864c29e9d2d51dc5:0x24c6914c9837c381!8m2!3d32.8979988!4d-96.9858779!16s%2Fg%2F1td59006!19sChIJxR3V0ukpTIYRgcM3mEyRxiQ?authuser=0&hl=pt-BR&rclk=1,Cosmetic Labs LP,3,-11,Fabricante,·,·,3131 Premier Dr,Fechado,· Abre seg. às 08:00,#ERROR!,,Website,http://cosmeticlaboratories.com/,,Rotas,,·,,,
"https://www.google.com.br/maps/place/Products+Unlimited,+Inc./data=!4m7!3m6!1s0x864c23bf350bf5f1:0xe6774cac449f4c89!8m2!3d33.0752018!4d-96.8229577!16s%2Fg%2F11q4dthpd6!19sChIJ8fULNb8jTIYRiUyfRKxMd-Y?authuser=0&hl=pt-BR&rclk=1","Products Unlimited, Inc.",,,Loja de Artigos Hospitalares,·,·,7160 Dallas Pkwy Suite 175,Fechado,· Abre seg. às 09:00,#ERROR!,,Website,http://products-unlimited.com/,,Rotas,,·,,,
https://www.google.com.br/maps/place/Sauce+Beauty/data=!4m7!3m6!1s0x864c3cbba33fffff:0xb9f47864b392a631!8m2!3d33.0875525!4d-96.8211156!16s%2Fg%2F11h5q8fxnh!19sChIJ__8_o7s8TIYRMaaSs2R49Lk?authuser=0&hl=pt-BR&rclk=1,Sauce Beauty,,,Loja de cosmético,·,·,5830 Granite Pkwy,,,#ERROR!,,Website,https://saucebeauty.com/pages/contact-us,,Rotas,,,,,
https://www.google.com.br/maps/place/Salon+Service+Group/data=!4m7!3m6!1s0x864c19acb1b704ef:0xddfc56a8575037aa!8m2!3d33.0095517!4d-96.714858!16s%2Fg%2F1w665tg8!19sChIJ7wS3sawZTIYRqjdQV6hW_N0?authuser=0&hl=pt-BR&rclk=1,Salon Service Group,"3,3",-8,Loja de produtos de beleza,·,·,700 Alma Dr #108,Fechado,· Abre seg. às 08:30,#ERROR!,,Website,http://www.salonservicegroup.com/,,Rotas,,·,Compras na loja,,
https://www.google.com.br/maps/place/The+Pest+Shop+-+Pest+Control+and+DIY+Products/data=!4m7!3m6!1s0x864c189194ff6fb1:0x77ffa021cf690eb9!8m2!3d33.019862!4d-96.735922!16s%2Fg%2F1wc48cbx!19sChIJsW__lJEYTIYRuQ5pzyGg_3c?authuser=0&hl=pt-BR&rclk=1,The Pest Shop - Pest Control and DIY Products,"4,9",-240,Dedetizadora,·,·,2231 W 15th St B,Fechado,· Abre seg. às 10:00,#ERROR!,,Website,http://www.pestshop.com/,,Rotas,,·,Compras na loja,,
https://www.google.com.br/maps/place/American+Button+Machines/data=!4m7!3m6!1s0x864c1898cae47241:0x870304b22c3a49c2!8m2!3d33.0111939!4d-96.6859131!16s%2Fg%2F1tdrxq87!19sChIJQXLkypgYTIYRwkk6LLIEA4c?authuser=0&hl=pt-BR&rclk=1,American Button Machines,"4,9",-177,Fabricante,·,·,1845 Summit Ave #408,Fechado,· Abre seg. às 08:00,#ERROR!,,Website,http://www.americanbuttonmachines.com/,,Rotas,,·,,,
https://www.google.com.br/maps/place/MAC+Cosmetics/data=!4m7!3m6!1s0x864c3cafb029e0a1:0xffe303f0cfed3e9b!8m2!3d33.0812515!4d-96.8262522!16s%2Fg%2F11c83493m3!19sChIJoeApsK88TIYRmz7tz_AD4_8?authuser=0&hl=pt-BR&rclk=1,MAC Cosmetics,"4,5",-97,Loja de cosmético,·,·,7601 Windrose Ave. Space #: F115,Fechado,· Abre seg. às 10:00,#ERROR!,,Website,https://stores.maccosmetics.com/us/tx/plano/7601-windrose-ave?y_source=1_MTMwMTUwODYtNzE1LWxvY2F0aW9uLndlYnNpdGU%3D,,Rotas,,·,Compras na loja,,
https://www.google.com.br/maps/place/Neo+Beauty+Supply/data=!4m7!3m6!1s0x864c22c0bfafd913:0x67de7a8c4f4aa132!8m2!3d33.0574452!4d-96.77199!16s%2Fg%2F1tf3p960!19sChIJE9mvv8AiTIYRMqFKT4x63mc?authuser=0&hl=pt-BR&rclk=1,Neo Beauty Supply,"3,9",-197,Loja de produtos de beleza,·,·,Fechado,· Abre seg. às 09:00,·,#ERROR!,,Rotas,,,,,6205 Coit Rd #300b,Serviços no local,,
https://www.google.com.br/maps/place/Mixi+Skincare/data=!4m7!3m6!1s0x864c23cf2175d0f9:0x9ffe17cd4e286f34!8m2!3d33.018032!4d-96.79243!16s%2Fg%2F11l2gydbjr!19sChIJ-dB1Ic8jTIYRNG8oTs0X_p8?authuser=0&hl=pt-BR&rclk=1,Mixi Skincare,5,-7,Clínica de dermatologia,·,·,4888 Dexter Dr #600,,,#ERROR!,,Website,https://www.mixiskincare.com/,,Rotas,,,,,
https://www.google.com.br/maps/place/Backyard+Products/data=!4m7!3m6!1s0x864c2300242e0687:0x9d37f936aa8f0cfb!8m2!3d33.0393854!4d-96.8313314!16s%2Fg%2F11mlxbcg2r!19sChIJhwYuJAAjTIYR-wyPqjb5N50?authuser=0&hl=pt-BR&rclk=1,Backyard Products,,,Escritório da empresa,·,·,2805 Dallas Pkwy #305,,,,,Website,https://www.backyardproducts.com/,,Rotas,,,,,
https://www.google.com.br/maps/place/ARG+Laboratories/data=!4m7!3m6!1s0x864e9d71bc4826b3:0xe5ed09be5fb549e1!8m2!3d32.874213!4d-96.886959!16s%2Fg%2F11d_797bp7!19sChIJsyZIvHGdToYR4Um1X74J7eU?authuser=0&hl=pt-BR&rclk=1,ARG Laboratories,5,-2,Laboratório,·,·,2639 Manana Dr,Fechado,· Abre seg. às 08:30,#ERROR!,,Website,http://www.arglaboratories.com/contact-us/,,Rotas,,·,,,
https://www.google.com.br/maps/place/Sally+Beauty/data=!4m7!3m6!1s0x864c2301afca106f:0x8edc703326d20370!8m2!3d33.0253375!4d-96.7931775!16s%2Fg%2F11w97ms2fx!19sChIJbxDKrwEjTIYRcAPSJjNw3I4?authuser=0&hl=pt-BR&rclk=1,Sally Beauty,"4,6",-17,Loja de cosmético,·,·,1900 Preston Rd Suite 205,Fecha em breve,· 19:00 · Abre seg. às 10:00,#ERROR!,,Website,https://stores.sallybeauty.com/tx/plano/beauty-supply-plano-tx-10872.html?utm_source=GMBlisting&utm_medium=organic,,Rotas,,·,Compras na loja,,
https://www.google.com.br/maps/place/SalonCentric/data=!4m7!3m6!1s0x864c23608801338d:0x484dbfec4d901985!8m2!3d33.0484466!4d-96.8325363!16s%2Fg%2F11g6qt3h6k!19sChIJjTMBiGAjTIYRhRmQTey_TUg?authuser=0&hl=pt-BR&rclk=1,SalonCentric,"4,7",-20,Loja de produtos de beleza,·,·,3600 Communications Pkwy,Fechado,· Abre seg. às 09:00,#ERROR!,,Website,http://www.rdapromartstores.com/,,Rotas,,·,Serviços no local,,
https://www.google.com.br/maps/place/CHANEL+Fragrance+%26+Beauty/data=!4m7!3m6!1s0x864c3d74ea2d89c1:0x6c551a4c9a6a6a38!8m2!3d33.0816258!4d-96.8258218!16s%2Fg%2F11nnn3mpq0!19sChIJwYkt6nQ9TIYROGpqmkwaVWw?authuser=0&hl=pt-BR&rclk=1,CHANEL Fragrance & Beauty,4,-72,Loja de cosmético,·,·,Fechado,· Abre seg. às 11:00,Produtos de grife luxuosos e elegantes,#ERROR!,,Rotas,,,,,"7700 Windrose Avenue, Legacy Dr",Serviços no local,,
https://www.google.com.br/maps/place/STYLES+UPON+STYLES/data=!4m7!3m6!1s0x864c19cc850c0197:0xed46346d296d7154!8m2!3d33.0415939!4d-96.7369401!16s%2Fg%2F11bxg0yd3c!19sChIJlwEMhcwZTIYRVHFtKW00Ru0?authuser=0&hl=pt-BR&rclk=1,STYLES UPON STYLES,5,-112,Loja de produtos para barbeiro,·,·,2237b W Parker Rd,,,#ERROR!,,Website,https://ceeyoung.ecwid.com/,,Rotas,,·,,,
https://www.google.com.br/maps/place/STYLES+UPON+STYLES/data=!4m7!3m6!1s0x864c19cc850c0197:0xed46346d296d7154!8m2!3d33.0415939!4d-96.7369401!16s%2Fg%2F11bxg0yd3c!19sChIJlwEMhcwZTIYRVHFtKW00Ru0?authuser=0&hl=pt-BR&rclk=1,STYLES UPON STYLES,5,-112,Loja de produtos para barbeiro,·,·,2237b W Parker Rd,,,#ERROR!,,Website,https://ceeyoung.ecwid.com/,,Rotas,,·,,,
https://www.google.com.br/maps/place/Plano+Sheet+Metal/data=!4m7!3m6!1s0x864c19684ee9e8af:0x71717e5d0fadf3cf!8m2!3d33.0150683!4d-96.6768492!16s%2Fg%2F1v_ncxmd!19sChIJr-jpTmgZTIYRz_OtD11-cXE?authuser=0&hl=pt-BR&rclk=1,Plano Sheet Metal,5,-39,Fabricante de estruturas metálicas,·,,·,2712 S Rigsbee Dr # 1,Fechado,· Abre seg. às 08:00,·,#ERROR!,https://planosheetmetaltx.net/,,Website,,Rotas,,,
https://www.google.com.br/maps/place/Arc+metal+work+and+General+Contractor/data=!4m7!3m6!1s0x5b29950d4dbdc7d:0x1bd988e1d7bbf6d8!8m2!3d33.01042!4d-96.7011035!16s%2Fg%2F11sgy879_4!19sChIJfdzb1FCZsgUR2Pa71-GI2Rs?authuser=0&hl=pt-BR&rclk=1,Arc metal work and General Contractor,5,-29,Fabricante de estruturas metálicas,,,·,,Aberto,· Fecha 00:00,,#ERROR!,https://www.arcmetalsdfw.com/,,Website,,Rotas,,,
https://www.google.com.br/maps/place/All+Metals+Fabricating/data=!4m7!3m6!1s0x864c1758ef2b203d:0x771790a7df52d0fd!8m2!3d33.0821112!4d-96.6779391!16s%2Fg%2F11cjhlsfyt!19sChIJPSAr71gXTIYR_dBS36eQF3c?authuser=0&hl=pt-BR&rclk=1,All Metals Fabricating,"4,7",-15,Fabricante de estruturas metálicas,·,,·,200 Allentown Pkwy,Fechado,· Abre seg. às 07:00,·,#ERROR!,https://www.ametals.com/,,Website,,Rotas,Serviços no local,,
https://www.google.com.br/maps/place/Metal+Supermarkets+Plano/data=!4m7!3m6!1s0x864c193d0357e8f7:0x144c6aabbc091b25!8m2!3d33.0097316!4d-96.6928365!16s%2Fg%2F12lsjyx6n!19sChIJ9-hXAz0ZTIYRJRsJvKtqTBQ?authuser=0&hl=pt-BR&rclk=1,Metal Supermarkets Plano,"4,7",-91,Fornecedor de Metal,·,,·,1401 Summit Ave STE 7,Fechado,· Abre seg. às 08:00,·,#ERROR!,https://www.metalsupermarkets.com/location/plano/,,Website,,Rotas,Serviços no local,,
https://www.google.com.br/maps/place/Cox+Welding+Services+Inc./data=!4m7!3m6!1s0x864c1910d7afa683:0xbac0cdbd6bc8cda7!8m2!3d33.017592!4d-96.6918201!16s%2Fg%2F1td6smqw!19sChIJg6av1xAZTIYRp83Ia73NwLo?authuser=0&hl=pt-BR&rclk=1,Cox Welding Services Inc.,"4,6",-38,Soldador,·,,1512 14th St,·,Fechado,· Abre seg. às 06:00,,#ERROR!,https://www.coxweldingservices.com/,,Website,,Rotas,Serviços no local,,
https://www.google.com.br/maps/place/On+Call+Mobile+Welding/data=!4m7!3m6!1s0x864c19ceb23a5e2f:0x593525315b2291bf!8m2!3d33.0109047!4d-96.7004736!16s%2Fg%2F11xvbpfldz!19sChIJL146ss4ZTIYRv5EiWzElNVk?authuser=0&hl=pt-BR&rclk=1,On Call Mobile Welding,5,-13,Soldador,·,,917 J Pl suite 2,·,Aberto 24 horas,,,#ERROR!,https://oncallmobilewelding.com/,,Website,,Rotas,Serviços no local,,
https://www.google.com.br/maps/place/Regal+Research+and+Manufacturing/data=!4m7!3m6!1s0x864c1924a7ff7413:0xab952b58b607f906!8m2!3d33.0069158!4d-96.6961284!16s%2Fg%2F1td58_ym!19sChIJE3T_pyQZTIYRBvkHtlgrlas?authuser=0&hl=pt-BR&rclk=1,Regal Research and Manufacturing,"3,8",-32,Fornecedor de chapas metálicas,·,,·,1200 E Plano Pkwy,Fechado,· Abre seg. às 07:30,·,#ERROR!,http://www.regalresearch.com/,,Website,,Rotas,,,
https://www.google.com.br/maps/place/North+Dallas+Metal/data=!4m7!3m6!1s0x864c193f817403ef:0xf8bc04c8211de68!8m2!3d33.0153347!4d-96.6892169!16s%2Fg%2F1tp0f1wg!19sChIJ7wN0gT8ZTIYRaN4RgkzAiw8?authuser=0&hl=pt-BR&rclk=1,North Dallas Metal,"3,3",-7,Fornecedor de chapas metálicas,·,,·,1200 Placid Ave #550,Fechado,· Abre seg. às 08:00,·,#ERROR!,http://www.northdallasmetal.com/,,Website,,Rotas,,,
"https://www.google.com.br/maps/place/HollyFab+-+Holly+Fabrications,+LLC/data=!4m7!3m6!1s0x864c26c9fc65a97f:0x2c49976f0e8bdc00!8m2!3d32.9591559!4d-96.8417856!16s%2Fg%2F1v7tlsjr!19sChIJf6ll_MkmTIYRANyLDm-XSSw?authuser=0&hl=pt-BR&rclk=1","HollyFab - Holly Fabrications, LLC",5,-24,Fabricante de estruturas metálicas,·,,·,4145 Billy Mitchell Dr,Fechado,· Abre seg. às 08:00,·,#ERROR!,http://hollyfab.com/,,Website,,Rotas,Serviços no local,,
https://www.google.com.br/maps/place/Texas+Metal+Design/data=!4m7!3m6!1s0x5554514a3f3d297:0x459c384280c82f1e!8m2!3d33.081036!4d-97.0890757!16s%2Fg%2F11rl5g3yb5!19sChIJl9LzoxRFVQURHi_IgEI4nEU?authuser=0&hl=pt-BR&rclk=1,Texas Metal Design,"4,8",-19,Oficina de metal,·,,835 Hawse Dr,·,Fechado,· Abre seg. às 09:00,,#ERROR!,https://texasmetaldesign.com/,,Website,,Rotas,,,
https://www.google.com.br/maps/place/SR+Premier+Metal+Works/data=!4m7!3m6!1s0x864c177b455b4239:0x8e0036c1160e634b!8m2!3d33.1026027!4d-96.6703065!16s%2Fg%2F11scksphx9!19sChIJOUJbRXsXTIYRS2MOFsE2AI4?authuser=0&hl=pt-BR&rclk=1,SR Premier Metal Works,5,-2,Fabricante de estruturas metálicas,·,,·,104 S Austin Dr ste a,Fechado,· Abre seg. às 09:00,,,https://www.srpremiermetalworks.com/,,Website,,Rotas,,,
"https://www.google.com.br/maps/place/Vulcan+Machine+Werks,+Inc./data=!4m7!3m6!1s0x864c19fe22d7706f:0x9be30babe026ed87!8m2!3d33.0120966!4d-96.6794644!16s%2Fg%2F11lqq6gss2!19sChIJb3DXIv4ZTIYRh-0m4KsL45s?authuser=0&hl=pt-BR&rclk=1","Vulcan Machine Werks, Inc.","4,7",-73,Oficina de máquinas,·,,·,2600 Technology Dr Ste. 500,Fechado,· Abre seg. às 08:30,·,#ERROR!,http://www.vulcanmachinewerks.com/,,Website,,Rotas,Serviços no local,,
https://www.google.com.br/maps/place/Texas+Metal+Fabricators+Inc/data=!4m7!3m6!1s0x864c1d82c8a862ed:0x609392f402537d0c!8m2!3d32.9142358!4d-96.6226964!16s%2Fg%2F1tltmsb8!19sChIJ7WKoyIIdTIYRDH1TAvSSk2A?authuser=0&hl=pt-BR&rclk=1,Texas Metal Fabricators Inc,"4,4",-7,Fabricante de estruturas metálicas,·,,·,718 E Walnut St,Fechado,· Abre seg. às 07:30,·,#ERROR!,,,Rotas,,,,,
https://www.google.com.br/maps/place/Dallas+WaterJet/data=!4m7!3m6!1s0x864c191537e05785:0x270a1b71ba11e863!8m2!3d33.0139192!4d-96.6857913!16s%2Fg%2F11c4cb_f67!19sChIJhVfgNxUZTIYRY-gRunEbCic?authuser=0&hl=pt-BR&rclk=1,Dallas WaterJet,5,-2,Fabricante de estruturas metálicas,·,,·,1901 10th St #400a,Fechado,· Abre seg. às 08:00,·,#ERROR!,http://dallaswaterjet.com/,,Website,,Rotas,,,
https://www.google.com.br/maps/place/Iron+World/data=!4m7!3m6!1s0x864c3da9b6833bc1:0x11e393beaba4ea3!8m2!3d33.1493781!4d-96.8061717!16s%2Fg%2F11j53lklh_!19sChIJwTuDtqk9TIYRo0666js5HgE?authuser=0&hl=pt-BR&rclk=1,Iron World,"4,8",-95,Empresa de construções metálicas,·,,·,8845 Gary Burns Dr #120,Fechado,· Abre seg. às 09:00,·,#ERROR!,http://www.ironworldusa.com/,,Website,,Rotas,,,
"https://www.google.com.br/maps/place/Artistic+Metal+Fabricators,+Inc./data=!4m7!3m6!1s0x864ea0862e3c43ad:0xbfd3cbb38006a636!8m2!3d32.88882!4d-96.703484!16s%2Fg%2F1vhlylq9!19sChIJrUM8LoagToYRNqYGgLPL078?authuser=0&hl=pt-BR&rclk=1","Artistic Metal Fabricators, Inc.",3,-2,Fabricante de estruturas metálicas,·,,10211 Plano Rd #102,·,Fechado,· Abre seg. às 08:00,,#ERROR!,http://amfiron.com/,,Website,,Rotas,,,
https://www.google.com.br/maps/place/Steadfast+Metal+Buildings/data=!4m7!3m6!1s0x864c3d4d1f08902f:0x10f926665844da2d!8m2!3d33.1086889!4d-96.803443!16s%2Fg%2F11l2y1qdr7!19sChIJL5AIH009TIYRLdpEWGYm-RA?authuser=0&hl=pt-BR&rclk=1,Steadfast Metal Buildings,5,-17,Fornecedor,·,,·,9201 Warren Pkwy #300,Fechado,· Abre seg. às 08:00,·,#ERROR!,https://steadfastmetalbuildings.com/,,Website,,Rotas,,,
https://www.google.com.br/maps/place/Lake+Cities+Fabrications+LLC/data=!4m7!3m6!1s0x864c2e1a5cb4cdb5:0x4bb400a049a483c5!8m2!3d33.0527813!4d-96.9926358!16s%2Fg%2F1tdn9226!19sChIJtc20XBouTIYRxYOkSaAAtEs?authuser=0&hl=pt-BR&rclk=1,Lake Cities Fabrications LLC,"4,7",-13,Fornecedor de chapas metálicas,·,,·,780B N Kealy Ave,Fechado,· Abre seg. às 07:30,·,#ERROR!,http://lakecitiesfab.com/,,Website,,Rotas,,,
"https://www.google.com.br/maps/place/Principal+Technology,+Inc/data=!4m7!3m6!1s0x864c1bfc22e9c607:0x1c9a2faf4d06d034!8m2!3d33.0134636!4d-96.6858298!16s%2Fg%2F1tj3lgz8!19sChIJB8bpIvwbTIYRNNAGTa8vmhw?authuser=0&hl=pt-BR&rclk=1","Principal Technology, Inc",5,-4,Fabricante de estruturas metálicas,·,,·,1901 10th St #400,Fechado,· Abre seg. às 09:00,·,#ERROR!,https://www.principaltechnology.com/,,Website,,Rotas,,,
https://www.google.com.br/maps/place/Baldridge+Welding+%26+Fabrication/data=!4m7!3m6!1s0x68167ff28895affb:0x61b9a55579e5632a!8m2!3d31.4197143!4d-100.0768425!16s%2Fg%2F11pklm3j46!19sChIJ-6-ViPJ_FmgRKmPleVWluWE?authuser=0&hl=pt-BR&rclk=1,Baldridge Welding & Fabrication,5,-14,Fabricante de estruturas metálicas,,,,,Fechado,· Abre seg. às 08:00,,,http://www.baldridge-welding.com/,,Website,,Rotas,,,
https://www.google.com.br/maps/place/Sachse+Metal+Works/data=!4m7!3m6!1s0x864c1db8868294ed:0x55c0880ebd124837!8m2!3d32.9820831!4d-96.5889587!16s%2Fg%2F11vxxlwch7!19sChIJ7ZSChrgdTIYRN0gSvQ6IwFU?authuser=0&hl=pt-BR&rclk=1,Sachse Metal Works,5,-2,Fabricante de estruturas metálicas,·,,6529 Industrial Dr building b,·,Fechado,· Abre seg. às 07:00,,#ERROR!,,,Rotas,,,,,
https://www.google.com.br/maps/place/Everlast+Gates+%26+Fence/data=!4m7!3m6!1s0x864c196fa747b4ef:0xbed5d9f963c9d03a!8m2!3d33.0059311!4d-96.6981921!16s%2Fg%2F11rchcysxn!19sChIJ77RHp28ZTIYROtDJY_nZ1b4?authuser=0&hl=pt-BR&rclk=1,Everlast Gates & Fence,5,-208,Empreiteiro de cercas,·,,1100 E Plano Pkwy suite 469,·,Aberto,· Fecha 21:00,,#ERROR!,http://everlastgates.com/,,Website,,Rotas,Serviços no local,,
https://www.google.com.br/maps/place/Luna+Welding+%26+Fabrication/data=!4m7!3m6!1s0x87703cec5ef55eb3:0x8b8199953cb0f2fc!8m2!3d32.7430719!4d-96.963595!16s%2Fg%2F11pkc8qd5w!19sChIJs171Xuw8cIcR_PKwPJWZgYs?authuser=0&hl=pt-BR&rclk=1,Luna Welding & Fabrication,5,-5,Soldador,,,·,,Aberto 24 horas,,,#ERROR!,,,Rotas,,,,,
https://www.google.com.br/maps/place/Rt+Manufacturing+Inc/data=!4m7!3m6!1s0x864c1942257721d9:0x633fe5239b346339!8m2!3d33.0104384!4d-96.6802687!16s%2Fg%2F1tdhm6s5!19sChIJ2SF3JUIZTIYROWM0myPlP2M?authuser=0&hl=pt-BR&rclk=1,Rt Manufacturing Inc,,,Oficina de máquinas,·,,·,2553 Summit Ave #400,,,,#ERROR!,https://rtmfg.net/,,Website,,Rotas,,,
https://www.google.com.br/maps/place/Tj+Inspection+Training+Center/data=!4m7!3m6!1s0x864c1ee29ab076a7:0x75ffd48ce12f34e!8m2!3d32.956858!4d-96.7058392!16s%2Fg%2F11gmyw92n2!19sChIJp3awmuIeTIYRTvMSzkj9Xwc?authuser=0&hl=pt-BR&rclk=1,Tj Inspection Training Center,5,-5,Empresa de petróleo e gás natural,·,655 N Glenville Dr Ste 155,Fechado,· Abre seg. às 08:00,·,#ERROR!,http://www.tjinspection.com/,,Website,,Rotas,,,,,
"https://www.google.com.br/maps/place/DEKRA+Emissions,+Safety+and+Oil+Change+-+McDermott+-TX/data=!4m7!3m6!1s0x864c3d13bc97a1cb:0x11d57561728d8eec!8m2!3d33.1018567!4d-96.749627!16s%2Fg%2F11gsmnjb8m!19sChIJy6GXvBM9TIYR7I6NcmF11RE?authuser=0&hl=pt-BR&rclk=1","DEKRA Emissions, Safety and Oil Change - McDermott -TX","4,1",-254,Serviço de troca de óleo,·,·,Fechado,· Abre seg. às 08:00,9020 Independence Pkwy,#ERROR!,http://dekra.us/en/texas/plano-9020-independence-pky/,,Website,,Rotas,,·,Serviços no local,,
https://www.google.com.br/maps/place/Xpress+State+Inspection/data=!4m7!3m6!1s0x864c234ad283897b:0xc2ce2379addf10bf!8m2!3d33.058104!4d-96.7499638!16s%2Fg%2F11gy1vmhb0!19sChIJe4mD0kojTIYRvxDfrXkjzsI?authuser=0&hl=pt-BR&rclk=1,Xpress State Inspection,5,-2.005,Serviço de inspeção de veículos,·,·,Fechado,· Abre seg. às 08:00,6100 Independence Pkwy,#ERROR!,https://xpressstateinspection.com/,,Website,,Rotas,,·,Serviços no local,,
"https://www.google.com.br/maps/place/Rover+Petroleum,+LLC./data=!4m7!3m6!1s0x864c23d798b76425:0x5ae884339e4796cd!8m2!3d33.0206274!4d-96.7187998!16s%2Fg%2F11g9gqj8_y!19sChIJJWS3mNcjTIYRzZZHnjOE6Fo?authuser=0&hl=pt-BR&rclk=1","Rover Petroleum, LLC.",5,-1,Empresa de petróleo e gás natural,·,·,1255 W 15th St,,,#ERROR!,,,Rotas,,,,,,,
https://www.google.com.br/maps/place/White+Rock+Oil+%26+Gas/data=!4m7!3m6!1s0x864c2127cf980149:0xcb62493666f19b2b!8m2!3d33.0714153!4d-96.8225637!16s%2Fg%2F1260k9pr8!19sChIJSQGYzychTIYRK5vxZjZJYss?authuser=0&hl=pt-BR&rclk=1,White Rock Oil & Gas,"2,6",-5,Empresa de petróleo e gás natural,·,·,Fechado,· Abre seg. às 08:00,5810 Tennyson Pkwy #500,#ERROR!,http://www.whiterockoilandgas.com/contact,,Website,,Rotas,,·,,,
https://www.google.com.br/maps/place/Enerquest+Corporation/data=!4m7!3m6!1s0x864c3cd14a468457:0x32d7e2153b1f266a!8m2!3d33.0801996!4d-96.7975915!16s%2Fg%2F1tp08j24!19sChIJV4RGStE8TIYRaiYfOxXi1zI?authuser=0&hl=pt-BR&rclk=1,Enerquest Corporation,5,-1,Companhia de gás,·,·,,,7500 Preston Rd # 200,#ERROR!,https://www.enerquestcorporation.com/,,Website,,Rotas,,,,,
https://www.google.com.br/maps/place/Gearhead+Oil+Analysis/data=!4m7!3m6!1s0x864c19025d4a7935:0x1b7147ba1f72ad4a!8m2!3d33.0259028!4d-96.7052499!16s%2Fg%2F12hp0q52t!19sChIJNXlKXQIZTIYRSq1yH7pHcRs?authuser=0&hl=pt-BR&rclk=1,Gearhead Oil Analysis,,,Laboratório,·,·,Fechado,· Abre seg. às 09:00,624 Haggard St #708,#ERROR!,http://gearheadlab.com/,,Website,,Rotas,,·,,,
https://www.google.com.br/maps/place/DEKRA+Emissions+%26+Safety/data=!4m7!3m6!1s0x864c181c83f607eb:0x6dbb58375c2a391b!8m2!3d33.071983!4d-96.73635!16s%2Fg%2F1thy060j!19sChIJ6wf2gxwYTIYRGzkqXDdYu20?authuser=0&hl=pt-BR&rclk=1,DEKRA Emissions & Safety,"4,4",-816,Oficina de inspeção veicular,·,·,Fechado,· Abre seg. às 08:00,2121 Legacy Dr,#ERROR!,http://dekra.us/en/texas/plano-2121-legacy-dr/,,Website,,Rotas,,·,Serviços no local,,
https://www.google.com.br/maps/place/DEKRA+Emissions+%26+Safety+-+Plano+-+TX/data=!4m7!3m6!1s0x864c228310dcb5a1:0x360631a37bb4f839!8m2!3d33.0407111!4d-96.7528637!16s%2Fg%2F1tjwj4bp!19sChIJobXcEIMiTIYROfi0e6MxBjY?authuser=0&hl=pt-BR&rclk=1,DEKRA Emissions & Safety - Plano - TX,"4,2",-369,Oficina de inspeção veicular,·,·,Fechado,· Abre seg. às 08:00,3140 Independence Pkwy,#ERROR!,http://dekra.us/en/texas/plano-3140-independence-pky/,,Website,,Rotas,,·,Serviços no local,,
"https://www.google.com.br/maps/place/Texas+Land+%26+Petroleum+Company,+LLC/data=!4m7!3m6!1s0x864c246011cc4cf9:0xfd9044d3eae5ebeb!8m2!3d33.0248093!4d-96.8558196!16s%2Fg%2F11cn5nc8yl!19sChIJ-UzMEWAkTIYR6-vl6tNEkP0?authuser=0&hl=pt-BR&rclk=1","Texas Land & Petroleum Company, LLC",5,-1,Empresa de petróleo e gás natural,·,·,,,3008 E Hebron Pkwy Ste 110,#ERROR!,http://goblackgold.com/,,Website,,Rotas,,,,,
https://www.google.com.br/maps/place/Express+Lube+%26+Car+Care/data=!4m7!3m6!1s0x864c195b5fd40999:0xf84dc2e371ab87e7!8m2!3d33.0202836!4d-96.7342376!16s%2Fg%2F11fb15xql2!19sChIJmQnUX1sZTIYR54ercePCTfg?authuser=0&hl=pt-BR&rclk=1,Express Lube & Car Care,"4,8",-250,Serviço de troca de óleo,·,·,Fechado,· Abre seg. às 08:00,1505 Custer Rd,#ERROR!,https://expresslubeplano.com/,,Website,,Rotas,,·,Serviços no local,,
https://www.google.com.br/maps/place/Valvoline+Express+Care+In+Plano/data=!4m7!3m6!1s0x864c23b12236a1e5:0xb803580b43a50d07!8m2!3d33.0423099!4d-96.7705585!16s%2Fg%2F11tnvzyptn!19sChIJ5aE2IrEjTIYRBw2lQwtYA7g?authuser=0&hl=pt-BR&rclk=1,Valvoline Express Care In Plano,"4,7",-396,Serviço de troca de óleo,·,·,3305 Coit Rd,Fechado,· Abre seg. às 08:00,#ERROR!,,,Rotas,,,,·,Serviços no local,,
https://www.google.com.br/maps/place/Grease+Monkey/data=!4m7!3m6!1s0x864c239f3a364b49:0xcbe46467c0ce431c!8m2!3d33.0414978!4d-96.7559012!16s%2Fg%2F11mqlygvz9!19sChIJSUs2Op8jTIYRHEPOwGdk5Ms?authuser=0&hl=pt-BR&rclk=1,Grease Monkey,"4,8",-415,Serviço de troca de óleo,·,·,Fechado,· Abre seg. às 07:45,3201 W Parker Rd,#ERROR!,https://www.greasemonkey.com/locations/tx/plano/3201-west-parker-rd,,Website,,Rotas,,·,Serviços no local,,
https://www.google.com.br/maps/place/Plano+Oil+%26+Gas/data=!4m7!3m6!1s0x864c1854606a59a7:0x25935124fee192ec!8m2!3d33.0379407!4d-96.7092931!16s%2Fg%2F1tdww2h1!19sChIJp1lqYFQYTIYR7JLh_iRRkyU?authuser=0&hl=pt-BR&rclk=1,Plano Oil & Gas,,,Companhia de gás,·,·,740 Lexington Dr,,,#ERROR!,,,Rotas,,,,,,,
https://www.google.com.br/maps/place/Propane+Filling+Station/data=!4m7!3m6!1s0x864c194dcbab69c7:0xae67a6ed6c509fbb!8m2!3d33.0368494!4d-96.7022696!16s%2Fg%2F11fmq0pf65!19sChIJx2mry00ZTIYRu59QbO2mZ64?authuser=0&hl=pt-BR&rclk=1,Propane Filling Station,"4,7",-100,Fornecedor de propano,·,·,Aberto,· Fecha 19:30,800 E Parker Rd,#ERROR!,https://planopropanetanks.com/,,Website,,Rotas,,·,Serviços no local,,
https://www.google.com.br/maps/place/Valvoline+Instant+Oil+Change/data=!4m7!3m6!1s0x864c1940d57ff7bb:0x7de9b1a43e290257!8m2!3d33.00562!4d-96.68289!16s%2Fg%2F1tykvsjn!19sChIJu_d_1UAZTIYRVwIpPqSx6X0?authuser=0&hl=pt-BR&rclk=1,Valvoline Instant Oil Change,"4,7",-564,Serviço de troca de óleo,·,·,Fechado,· Abre seg. às 08:00,605 Jupiter Rd,#ERROR!,https://store.vioc.com/tx/plano/605-jupiter-rd?utm_source=google&utm_medium=local&utm_campaign=localsearch,,Website,,Rotas,,·,Serviços no local,,
https://www.google.com.br/maps/place/Element+Plano/data=!4m7!3m6!1s0x864c193ec83ffb13:0x685b0a78927c4cf1!8m2!3d33.0076657!4d-96.6878919!16s%2Fg%2F1tjs5bdz!19sChIJE_s_yD4ZTIYR8Ux8kngKW2g?authuser=0&hl=pt-BR&rclk=1,Element Plano,"4,6",-13,Laboratório,·,·,,,1701 E Plano Pkwy #150,#ERROR!,https://www.element.com/locations/the-americas/plano-tx,,Website,,Rotas,,,,,
"https://www.google.com.br/maps/place/Stackmatch+Flare+Ignition,+Inc./data=!4m7!3m6!1s0x864c19027cb8b671:0x28b17e9ca08463df!8m2!3d33.0261115!4d-96.7057212!16s%2Fg%2F1tgpbp7d!19sChIJcba4fAIZTIYR32OEoJx-sSg?authuser=0&hl=pt-BR&rclk=1","Stackmatch Flare Ignition, Inc.","4,5",-2,Fornecedor de equipamentos para o setor petrolífero,·,·,Fechado,· Abre seg. às 08:00,620 Haggard St # 610,#ERROR!,http://stackmatch.com/,,Website,,Rotas,,·,Serviços no local,,
https://www.google.com.br/maps/place/Jiffy+Lube+Oil+Change/data=!4m7!3m6!1s0x864c2268e008f239:0x3cdb5fe7ef2faaea!8m2!3d33.0167905!4d-96.7672612!16s%2Fg%2F11d_vpsfwc!19sChIJOfII4GgiTIYR6qov7-df2zw?authuser=0&hl=pt-BR&rclk=1,Jiffy Lube Oil Change,"4,6",-958,Serviço de troca de óleo,·,·,Fechado,· Abre seg. às 08:00,1229 Coit Rd,#ERROR!,https://www.jiffylube.com/locations/tx/plano/3794,,Website,,Rotas,,·,Serviços no local,,
https://www.google.com.br/maps/place/Isokinetic+Process+Sampling/data=!4m7!3m6!1s0x65d934e30263a47f:0x57670802914adf96!8m2!3d46.423669!4d-129.9427086!16s%2Fg%2F11sddlqd1s!19sChIJf6RjAuM02WURlt9KkQIIZ1c?authuser=0&hl=pt-BR&rclk=1,Isokinetic Process Sampling,,,Empresa de petróleo e gás natural,,·,Aberto 24 horas,,,#ERROR!,https://isokineticprocesssampling.com/,,Website,,Rotas,,,,,